Player,Player ID,Team,Positions,Game Status,Injury,Updated,New Player Note,Game
Jaylen Wright,41010,Mia,RB,Q,Foot,Sep 23 4:11 AM,Y,Sun 1:00 pm vs KC
Reggie Gilliam,33357,NE,RB,Q,Knee,Sep 23 4:11 AM,N,Sun 1:00 pm @ Jax
Puka Nacua,40168,LAR,WR,Q,Groin,Sep 23 4:11 AM,Y,Sun 8:20 pm @ Den
LeQuint Allen Jr.,42007,Jax,RB,Q,Hip,Sep 23 4:11 AM,Y,Sun 1:00 pm vs NE
A.J. Brown,31883,NE,WR,IR,Ankle,Sep 23 4:11 AM,N,Sun 1:00 pm @ Jax
Moliki Matavao,42006,NO,TE,IR,Knee,Sep 23 4:11 AM,N,Sun 4:25 pm vs LV
Will Mallory,40180,Ind,TE,IR-R,Thumb,Sep 23 4:11 AM,N,Sun 1:00 pm vs Hou
Andrei Iosivas,40211,Cin,WR,O,Thumb,Sep 23 4:11 AM,Y,Sun 1:00 pm @ Pit
Parris Campbell,31891,Dal,WR,RET,Undisclosed,Sep 23 4:11 AM,N,Sun 4:25 pm vs Bal
Graham Mertz,41975,Hou,QB,IR,Knee - ACL,Sep 23 4:11 AM,N,Sun 1:00 pm @ Ind
Devin Neal,41972,NO,RB,Q,Hamstring,Sep 23 4:11 AM,N,Sun 4:25 pm vs LV
Scott Matlock,40225,LAC,RB,IR-R,Undisclosed,Sep 23 4:11 AM,N,Sun 1:00 pm @ Buf
Robbie Ouzts,41961,Sea,"RB,TE",IR,Neck,Sep 23 4:11 AM,N,Sun 1:00 pm @ Was
KeAndre Lambert-Smith,41944,LAC,WR,IR,Hamstring,Sep 23 4:11 AM,N,Sun 1:00 pm @ Buf
Josh Jacobs,31856,GB,RB,CEL,Personal,Sep 23 4:11 AM,N,Thu 8:15 pm vs Atl
Will Grier,31932,Dal,QB,RET,Personal,Sep 23 4:11 AM,N,Sun 4:25 pm vs Bal
Nikola Kalinic,33950,Chi,TE,IR,Knee,Sep 23 4:11 AM,N,Mon 8:15 pm vs Phi
Ben Sims,40335,Mia,TE,Q,Undisclosed,Sep 23 4:11 AM,N,Sun 1:00 pm vs KC
Jake Bobo,40452,Sea,WR,IR,Knee,Sep 23 4:11 AM,N,Sun 1:00 pm @ Was
Tyson Bagent,40504,Chi,QB,Q,Concussion,Sep 23 4:11 AM,Y,Mon 8:15 pm vs Phi
Tony Pollard,31960,Ten,RB,Q,Ankle,Sep 23 4:11 AM,Y,Sun 1:00 pm @ NYG
Trevor Etienne,41913,Car,RB,IR-R,Ankle,Sep 23 4:11 AM,N,Sun 1:00 pm @ Cle
Dylan Sampson,41907,Cle,RB,IR,Knee,Sep 23 4:11 AM,N,Sun 1:00 pm vs Car
Arian Smith,41896,NYJ,WR,IR,Knee - ACL,Sep 23 4:11 AM,Y,Sun 1:00 pm @ Det
Dont'e Thornton Jr.,41892,LV,WR,IR,Undisclosed,Sep 23 4:11 AM,N,Sun 4:25 pm @ NO
Brady Russell,40519,Sea,"RB,TE",Q,Chest,Sep 23 4:11 AM,N,Sun 1:00 pm @ Was
Kyle Monangai,42025,Chi,RB,Q,Undisclosed,Sep 23 4:11 AM,Y,Mon 8:15 pm vs Phi
Caleb Lohner,42027,Den,TE,IR-R,Lower Body,Sep 23 4:11 AM,N,Sun 8:20 pm vs LAR
Savion Williams,41851,GB,WR,IR-R,Ankle,Sep 23 4:11 AM,N,Thu 8:15 pm vs Atl
Marvin Mims Jr.,40090,Den,WR,Q,Foot,Sep 23 4:11 AM,Y,Sun 8:20 pm vs LAR
Dallas Goedert,31019,Phi,TE,D,Knee - MCL,Sep 23 4:11 AM,N,Mon 8:15 pm @ Chi
Jacoby Jones,42436,Was,WR,Q,Undisclosed,Sep 23 4:11 AM,N,Sun 1:00 pm vs Sea
Ben Yurosek,42434,Min,TE,IR,Undisclosed,Sep 23 4:11 AM,N,Sun 4:05 pm @ TB
Carter Runyon,42433,LV,TE,IR-R,Undisclosed,Sep 23 4:11 AM,N,Sun 4:25 pm @ NO
Ben Sauls,42379,NYG,K,Q,Undisclosed,Sep 23 4:11 AM,N,Sun 1:00 pm vs Ten
Tyrone Broden,42351,Sea,WR,Q,Undisclosed,Sep 23 4:11 AM,N,Sun 1:00 pm @ Was
Mario Williams,42326,LAR,WR,Q,Undisclosed,Sep 23 4:11 AM,N,Sun 8:20 pm @ Den
Luke Musgrave,40074,GB,TE,PUP-R,Neck,Sep 23 4:11 AM,N,Thu 8:15 pm vs Atl
Gee Scott,42290,NE,WR,Q,Undisclosed,Sep 23 4:11 AM,N,Sun 1:00 pm @ Jax
Zach Charbonnet,40075,Sea,RB,PUP-R,Knee - ACL,Sep 23 4:11 AM,Y,Sun 1:00 pm @ Was
Bryson Nesbit,42266,Min,TE,Q,Undisclosed,Sep 23 4:11 AM,N,Sun 4:05 pm @ TB
Ray-Ray McCloud III,31157,Chi,WR,Q,Undisclosed,Sep 23 4:11 AM,N,Mon 8:15 pm vs Phi
Justin Shorter,40167,LV,"WR,TE",IR,Undisclosed,Sep 23 4:11 AM,N,Sun 4:25 pm @ NO
Cedrick Wilson Jr.,31178,Det,WR,Q,Knee,Sep 23 4:11 AM,N,Sun 1:00 pm vs NYJ
Kye Robichaux,42245,Det,RB,Q,Foot,Sep 23 4:11 AM,N,Sun 1:00 pm vs NYJ
Tank Dell,40097,Hou,WR,IR-R,Knee - ACL + MCL,Sep 23 4:11 AM,N,Sun 1:00 pm @ Ind
Ja'Quinden Jackson,42214,Phi,RB,Q,Undisclosed,Sep 23 4:11 AM,N,Mon 8:15 pm @ Chi
Da'Quan Felton,42201,NYJ,WR,Q,Undisclosed,Sep 23 4:11 AM,N,Sun 1:00 pm @ Det
Tyjae Spears,40119,Ten,RB,Q,Ankle,Sep 23 4:11 AM,Y,Sun 1:00 pm @ NYG
Travis Etienne Jr.,33413,NO,RB,Q,Hamstring,Sep 23 4:11 AM,Y,Sun 4:25 pm vs LV
Beaux Collins,42194,Atl,WR,IR-R,Undisclosed,Sep 23 4:11 AM,N,Thu 8:15 pm @ GB
Coleman Owen,42130,Ind,WR,Q,Concussion,Sep 23 4:11 AM,N,Sun 1:00 pm vs Hou
Luke Grimm,42104,LAC,WR,Q,Undisclosed,Sep 23 4:11 AM,N,Sun 1:00 pm @ Buf
Aidan O'Connell,40138,LV,QB,Q,Personal,Sep 23 4:11 AM,N,Sun 4:25 pm @ NO
Luke Lachey,42041,Hou,TE,Q,Foot,Sep 23 4:11 AM,N,Sun 1:00 pm @ Ind
Dillon Gabriel,41861,Cle,QB,IR-R,Back,Sep 23 4:11 AM,N,Sun 1:00 pm vs Car
RJ Harvey,41845,Den,RB,Q,Hamstring,Sep 23 4:11 AM,Y,Sun 8:20 pm vs LAR
Jayden Daniels,40896,Was,QB,O,Elbow,Sep 23 4:11 AM,Y,Sun 1:00 pm vs Sea
J.K. Dobbins,32725,Den,RB,Q,Hip,Sep 23 4:11 AM,Y,Sun 8:20 pm vs LAR
Audric Estime,41019,NO,RB,Q,Thigh,Sep 23 4:11 AM,Y,Sun 4:25 pm vs LV
Jamari Thrash,41016,Cle,WR,Q,Undisclosed,Sep 23 4:11 AM,N,Sun 1:00 pm vs Car
Isaac Guerendo,40998,SF,RB,PUP-R,Pectoral,Sep 23 4:11 AM,N,Sun 4:05 pm vs Ari
Brandon Aiyuk,32695,SF,WR,DNR,Personal,Sep 23 4:11 AM,N,Sun 4:05 pm vs Ari
Dan Chisena,33023,Car,WR,Q,Undisclosed,Sep 23 4:11 AM,N,Sun 1:00 pm @ Cle
Tyrell Shavers,40630,Buf,WR,PUP-R,Knee - ACL,Sep 23 4:11 AM,N,Sun 1:00 pm vs LAC
Michael Pittman Jr.,32704,Pit,WR,Q,Foot,Sep 23 4:11 AM,Y,Sun 1:00 pm vs Cin
Ryan Miller,40676,Mia,WR,Q,Hip,Sep 23 4:11 AM,Y,Sun 1:00 pm vs KC
Princeton Fant,40778,Dal,TE,IR,Knee - ACL + MCL,Sep 23 4:11 AM,N,Sun 4:25 pm vs Bal
Tip Reiman,40959,Ari,TE,PUP-R,Ankle,Sep 23 4:11 AM,N,Sun 4:05 pm @ SF
Trey Benson,40958,Ari,RB,IR,Knee,Sep 23 4:11 AM,N,Sun 4:05 pm @ SF
Dante Miller,40874,NYG,RB,Q,Groin,Sep 23 4:11 AM,N,Sun 1:00 pm vs Ten
Julian Hill,40629,NE,TE,IR,Knee,Sep 23 4:11 AM,N,Sun 1:00 pm @ Jax
Jonathon Brooks,40926,Car,RB,IR,Abdomen,Sep 23 4:11 AM,Y,Sun 1:00 pm @ Cle
Ja'Lynn Polk,40914,NO,WR,RET,Undisclosed,Sep 23 4:11 AM,N,Sun 4:25 pm vs LV
Antonio Gibson,32736,NE,RB,Q,Knee - ACL,Sep 23 4:11 AM,N,Sun 1:00 pm @ Jax
Keon Coleman,40911,Buf,WR,Q,Ankle,Sep 23 4:11 AM,Y,Sun 1:00 pm vs LAC
Brock Bowers,40878,LV,TE,Q,Knee - Meniscus,Sep 23 4:11 AM,Y,Sun 4:25 pm @ NO
Ricky Pearsall,40892,SF,WR,IR,Knee - PCL,Sep 23 4:11 AM,N,Sun 4:05 pm vs Ari
Harrison Bryant,32785,Hou,TE,Q,Undisclosed,Sep 23 4:11 AM,N,Sun 1:00 pm @ Ind
Caleb Williams,40900,Chi,QB,D,Hamstring,Sep 23 4:11 AM,Y,Mon 8:15 pm vs Phi
Gabe Davis,32798,Buf,WR,Q,Knee - ACL,Sep 23 4:11 AM,N,Sun 1:00 pm vs LAC
Colby Parkinson,32803,LAR,TE,Q,Knee,Sep 23 4:11 AM,Y,Sun 8:20 pm @ Den
DeeJay Dallas,32814,Min,RB,Q,Toe,Sep 23 4:11 AM,Y,Sun 4:05 pm @ TB
Ainias Smith,41030,Car,WR,Q,Undisclosed,Sep 23 4:11 AM,N,Sun 1:00 pm @ Cle
Rico Dowdle,33100,Pit,RB,Q,Toe,Sep 23 4:11 AM,Y,Sun 1:00 pm vs Cin
Terrance Ferguson,41831,LAR,TE,Q,Ankle,Sep 23 4:11 AM,Y,Sun 8:20 pm @ Den
McCallan Castles,41373,GB,TE,Q,Undisclosed,Sep 23 4:11 AM,N,Thu 8:15 pm vs Atl
Mason Taylor,41827,NYJ,TE,D,Thumb,Sep 23 4:11 AM,Y,Sun 1:00 pm @ Det
Patrick Taylor Jr.,33235,SF,RB,Q,Undisclosed,Sep 23 4:11 AM,N,Sun 4:05 pm vs Ari
Jayden Higgins,41819,Hou,WR,IR,Knee - ACL,Sep 23 4:11 AM,N,Sun 1:00 pm @ Ind
Jaxson Dart,41810,NYG,QB,O,Knee - Meniscus,Sep 23 4:11 AM,Y,Sun 1:00 pm vs Ten
Terrell Jennings,41713,NE,RB,Q,Undisclosed,Sep 23 4:11 AM,N,Sun 1:00 pm @ Jax
Bryce Ford-Wheaton,40529,NYG,WR,Q,Achilles,Sep 23 4:11 AM,N,Sun 1:00 pm vs Ten
Cole Burgess,41502,Pit,WR,IR,Undisclosed,Sep 23 4:11 AM,N,Sun 1:00 pm vs Cin
Jakobi Meyers,32231,Jax,WR,Q,Thumb,Sep 23 4:11 AM,Y,Sun 1:00 pm vs NE
Thomas Yassmin,41397,GB,TE,IR,Undisclosed,Sep 23 4:11 AM,N,Thu 8:15 pm vs Atl
D.J. Montgomery,32283,Ind,WR,IR,Abdomen,Sep 23 4:11 AM,N,Sun 1:00 pm vs Hou
Ashton Dulin,32292,Ind,WR,Q,Ankle,Sep 23 4:11 AM,N,Sun 1:00 pm vs Hou
George Holani,41344,Sea,RB,Q,Knee,Sep 23 4:11 AM,N,Sun 1:00 pm @ Was
Sean McKeon,33101,Ind,TE,Q,Undisclosed,Sep 23 4:11 AM,N,Sun 1:00 pm vs Hou
Jalen Coker,41293,Car,WR,Q,Ankle,Sep 23 4:11 AM,Y,Sun 1:00 pm @ Cle
Lawrence Keys,41275,Buf,WR,Q,Leg,Sep 23 4:11 AM,N,Sun 1:00 pm vs LAC
David Sills V,32418,TB,WR,IR-R,Undisclosed,Sep 23 4:11 AM,N,Sun 4:05 pm vs Min
Chris Collier,41261,LV,RB,IR,Undisclosed,Sep 23 4:11 AM,N,Sun 4:25 pm @ NO
Jeshaun Jones,41205,Min,WR,SUSP,Suspension,Sep 23 4:11 AM,N,Sun 4:05 pm @ TB
Xavier Weaver,41202,Ari,WR,Q,Hamstring,Sep 23 4:11 AM,N,Sun 4:05 pm @ SF
Mason Tipton,41188,NO,WR,PUP-R,Leg,Sep 23 4:11 AM,N,Sun 4:25 pm vs LV
Carter Bradley,41133,Jax,QB,Q,Thumb,Sep 23 4:11 AM,N,Sun 1:00 pm vs NE
Johnny Wilson,41089,Phi,WR,IR,Knee,Sep 23 4:11 AM,N,Mon 8:15 pm @ Chi
Jordan Whittington,41083,LAR,WR,Q,Quadriceps,Sep 23 4:11 AM,Y,Sun 8:20 pm @ Den
Tanner McLachlan,41066,SF,TE,Q,Undisclosed,Sep 23 4:11 AM,N,Sun 4:05 pm vs Ari
Gunner Olszewski,32612,NYG,WR,IR,Achilles,Sep 23 4:11 AM,N,Sun 1:00 pm vs Ten
Christian Kirk,31017,SF,WR,IR-R,Calf,Sep 23 4:11 AM,N,Sun 4:05 pm vs Ari
Jeremiah Webb,42437,NE,WR,IR,Arm,Sep 23 4:11 AM,N,Sun 1:00 pm @ Jax
Jayden Reed,40063,GB,WR,O,Neck,Sep 23 4:11 AM,Y,Thu 8:15 pm vs Atl
Sincere Brown,42925,LAC,WR,Q,Undisclosed,Sep 23 4:11 AM,N,Sun 1:00 pm @ Buf
RJ Maryland,43087,GB,TE,Q,Hamstring,Sep 23 4:11 AM,N,Thu 8:15 pm vs Atl
Miles Kitselman,43082,Det,TE,Q,Leg,Sep 23 4:11 AM,N,Sun 1:00 pm vs NYJ
Calvin Austin III,34094,NYG,WR,IR,Knee,Sep 23 4:11 AM,N,Sun 1:00 pm vs Ten
DJ Rogers,43055,Dal,TE,IR,Knee,Sep 23 4:11 AM,N,Sun 4:25 pm vs Bal
Aaron Anderson,43052,Cle,WR,Q,Undisclosed,Sep 23 4:11 AM,N,Sun 1:00 pm vs Car
Dominic Richardson,43034,NYJ,RB,Q,Undisclosed,Sep 23 4:11 AM,N,Sun 1:00 pm @ Det
Hayden Large,43027,Chi,TE,IR,Undisclosed,Sep 23 4:11 AM,N,Mon 8:15 pm vs Phi
Raheem Mostert,28654,LV,RB,Q,Knee,Sep 23 4:11 AM,N,Sun 4:25 pm @ NO
Chig Okonkwo,34099,Was,TE,Q,Hamstring,Sep 23 4:11 AM,Y,Sun 1:00 pm vs Sea
Alex Bullock,42957,Jax,WR,RET,Undisclosed,Sep 23 4:11 AM,N,Sun 1:00 pm vs NE
Luke Wysong,42938,Min,WR,Q,Undisclosed,Sep 23 4:11 AM,N,Sun 4:05 pm @ TB
Kejon Owens,42912,Min,RB,Q,Illness,Sep 23 4:11 AM,N,Sun 4:05 pm @ TB
J. Michael Gyllenborg,43116,KC,TE,IR,Knee,Sep 23 4:11 AM,N,Sun 1:00 pm @ Mia
Cole Turner,34105,Mia,TE,IR,Undisclosed,Sep 23 4:11 AM,N,Sun 1:00 pm vs KC
Matthew Caldwell,42901,LAR,QB,IR,Undisclosed,Sep 23 4:11 AM,N,Sun 8:20 pm @ Den
Le'Veon Moss,42890,Mia,RB,RET,Undisclosed,Sep 23 4:11 AM,N,Sun 1:00 pm vs KC
Jeff Caldwell,42880,KC,WR,IR,Knee,Sep 23 4:11 AM,N,Sun 1:00 pm @ Mia
Ty Chandler,34125,NO,RB,IR,Knee,Sep 23 4:11 AM,N,Sun 4:25 pm vs LV
Chris Moore,29341,Bal,WR,Q,Ankle,Sep 23 4:11 AM,N,Sun 4:25 pm @ Dal
Kenny Yeboah,33705,Ari,TE,Q,Hamstring,Sep 23 4:11 AM,N,Sun 4:05 pm @ SF
Demarcus Robinson,29360,SF,WR,O,Ankle,Sep 23 4:11 AM,N,Sun 4:05 pm vs Ari
Jam Miller,42867,NE,RB,Q,Undisclosed,Sep 23 4:11 AM,N,Sun 1:00 pm @ Jax
Tyreek Hill,29399,Mia,WR,O,Knee - ACL,Sep 23 4:11 AM,N,Sun 1:00 pm vs KC
Jermar Jefferson,33644,Min,RB,Q,Undisclosed,Sep 23 4:11 AM,N,Sun 4:05 pm @ TB
EJ Smith,43115,KC,RB,Q,Undisclosed,Sep 23 4:11 AM,N,Sun 1:00 pm @ Mia
Chase Roberts,43126,LV,WR,Q,Undisclosed,Sep 23 4:11 AM,N,Sun 4:25 pm @ NO
Ja'Corey Brooks,42482,Was,WR,Q,Undisclosed,Sep 23 4:11 AM,N,Sun 1:00 pm vs Sea
Lincoln Pare,43339,Ind,RB,Q,Undisclosed,Sep 23 4:11 AM,N,Sun 1:00 pm vs Hou
Connor Hulstein,43471,NYJ,TE,Q,Undisclosed,Sep 23 4:11 AM,N,Sun 1:00 pm @ Det
Alec Pierce,34008,Ind,WR,O,Heel,Sep 23 4:11 AM,Y,Sun 1:00 pm vs Hou
Brock Rechsteiner,43435,NO,WR,SUSP,Suspension,Sep 23 4:11 AM,N,Sun 4:25 pm vs LV
Danny Gray,34061,Phi,WR,Q,Undisclosed,Sep 23 4:11 AM,N,Mon 8:15 pm @ Chi
Kyron Hudson,43432,Chi,WR,Q,Undisclosed,Sep 23 4:11 AM,N,Mon 8:15 pm vs Phi
Kadarius Calloway,43424,TB,RB,Q,Undisclosed,Sep 23 4:11 AM,N,Sun 4:05 pm vs Min
Le'Meke Brockington,43376,Atl,WR,Q,Undisclosed,Sep 23 4:11 AM,N,Thu 8:15 pm @ GB
Jimmy Kibble,43368,NE,WR,Q,Undisclosed,Sep 23 4:11 AM,N,Sun 1:00 pm @ Jax
Myles Montgomery,43367,NE,RB,IR,Undisclosed,Sep 23 4:11 AM,N,Sun 1:00 pm @ Jax
DJ Turner,33813,LV,WR,Q,Undisclosed,Sep 23 4:11 AM,N,Sun 4:25 pm @ NO
Squirrel White,43349,Chi,WR,RET,Personal,Sep 23 4:11 AM,N,Mon 8:15 pm vs Phi
Corey Rucker,43248,LV,WR,IR,Undisclosed,Sep 23 4:11 AM,N,Sun 4:25 pm @ NO
Charlie Kolar,34084,LAC,TE,O,Forearm,Sep 23 4:11 AM,Y,Sun 1:00 pm @ Buf
Chip Trayanum,43213,NYJ,RB,IR,Neck,Sep 23 4:11 AM,N,Sun 1:00 pm @ Det
Jameson Geers,43212,Ari,TE,IR,Undisclosed,Sep 23 4:11 AM,N,Sun 4:05 pm @ SF
Shane Zylstra,33803,NE,TE,Q,Undisclosed,Sep 23 4:11 AM,N,Sun 1:00 pm @ Jax
Pierre Strong Jr.,34083,GB,RB,Q,Hamstring,Sep 23 4:11 AM,N,Thu 8:15 pm vs Atl
Mike Evans,27535,SF,WR,Q,Hip,Sep 23 4:11 AM,Y,Sun 4:05 pm vs Ari
Quentin Moore,43206,Was,TE,Q,Undisclosed,Sep 23 4:11 AM,N,Sun 1:00 pm vs Sea
Jalen Walthall,43193,NYJ,WR,Q,Undisclosed,Sep 23 4:11 AM,N,Sun 1:00 pm @ Det
Teddy Bridgewater,27560,TB,QB,RET,Undisclosed,Sep 23 4:11 AM,N,Sun 4:05 pm vs Min
Desmond Reid,43185,Buf,RB,Q,Undisclosed,Sep 23 4:11 AM,N,Sun 1:00 pm vs LAC
Caullin Lacy,43165,NYJ,WR,Q,Undisclosed,Sep 23 4:11 AM,N,Sun 1:00 pm @ Det
Chase Curtis,43164,NYJ,TE,Q,Knee,Sep 23 4:11 AM,N,Sun 1:00 pm @ Det
DT Sheffield,43158,NYJ,WR,Q,Undisclosed,Sep 23 4:11 AM,N,Sun 1:00 pm @ Det
Jaren Kanak,42847,Ten,TE,IR,Pectoral,Sep 23 4:11 AM,N,Sun 1:00 pm @ NYG
Grant Calcaterra,34154,Phi,TE,IR-R,Back,Sep 23 4:11 AM,N,Mon 8:15 pm @ Chi
Michael Woods II,34158,Den,WR,Q,Leg,Sep 23 4:11 AM,N,Sun 8:20 pm vs LAR
Jadarian Price,42654,Sea,RB,Q,Chest,Sep 23 4:11 AM,Y,Sun 1:00 pm @ Was
Nico Collins,33477,Hou,WR,Q,Hamstring,Sep 23 4:11 AM,Y,Sun 1:00 pm @ Ind
Chris Brazzell II,42705,Car,WR,IR,Knee,Sep 23 4:11 AM,N,Sun 1:00 pm @ Cle
Ja'Kobi Lane,42702,Bal,WR,IR,Wrist,Sep 23 4:11 AM,N,Sun 4:25 pm @ Dal
Trey Sermon,33476,Atl,RB,IR,Undisclosed,Sep 23 4:11 AM,N,Thu 8:15 pm @ GB
Caleb Douglas,42697,Mia,WR,Q,Ankle,Sep 23 4:11 AM,Y,Sun 1:00 pm vs KC
Dennis Houston,34592,TB,WR,Q,Groin,Sep 23 4:11 AM,N,Sun 4:05 pm vs Min
Tim Patrick,30511,NYJ,WR,IR,Groin,Sep 23 4:11 AM,N,Sun 1:00 pm @ Det
Malik Davis,34610,Dal,RB,IR,Hip,Sep 23 4:11 AM,N,Sun 4:25 pm vs Bal
Eli Stowers,42676,Phi,TE,IR,Hamstring,Sep 23 4:11 AM,N,Mon 8:15 pm @ Chi
Anthony Firkser,30571,Det,TE,Q,Leg,Sep 23 4:11 AM,N,Sun 1:00 pm vs NYJ
De'Zhaun Stribling,42655,SF,WR,IR,Ankle,Sep 23 4:11 AM,N,Sun 4:05 pm vs Ari
Omar Cooper Jr.,42652,NYJ,WR,IR,Ankle,Sep 23 4:11 AM,N,Sun 1:00 pm @ Det
Aaron Jones Sr.,30295,Min,RB,Q,Knee,Sep 23 4:11 AM,Y,Sun 4:05 pm @ TB
Raheem Blackshear,34617,Det,RB,Q,Undisclosed,Sep 23 4:11 AM,N,Sun 1:00 pm vs NYJ
Jordyn Tyson,42630,NO,WR,IR-R,Hamstring,Sep 23 4:11 AM,N,Sun 4:25 pm vs LV
Damien Alford,42622,NO,WR,Q,Undisclosed,Sep 23 4:11 AM,N,Sun 4:25 pm vs LV
River Cracraft,30955,Was,WR,Q,Undisclosed,Sep 23 4:11 AM,N,Sun 1:00 pm vs Sea
Carson Towt,42620,Ind,TE,IR,Undisclosed,Sep 23 4:11 AM,N,Sun 1:00 pm vs Hou
Saquon Barkley,30972,Phi,RB,Q,Shoulder,Sep 23 4:11 AM,N,Mon 8:15 pm @ Chi
Sam Darnold,30973,Sea,QB,Q,Lower Body,Sep 23 4:11 AM,Y,Sun 1:00 pm @ Was
Dalevon Campbell,42519,LAC,WR,Q,Leg,Sep 23 4:11 AM,N,Sun 1:00 pm @ Buf
DJ Moore,30994,Buf,WR,Q,Shoulder - AC Joint,Sep 23 4:11 AM,Y,Sun 1:00 pm vs LAC
Max Hurleman,42516,Pit,"WR,RB",O,Undisclosed,Sep 23 4:11 AM,N,Sun 1:00 pm vs Cin
Zay Flowers,40039,Bal,WR,Q,Hamstring,Sep 23 4:11 AM,Y,Sun 4:25 pm @ Dal
Jimmy Holiday,42490,KC,WR,IR,Undisclosed,Sep 23 4:11 AM,N,Sun 1:00 pm @ Mia
Zane Gonzalez,30337,Mia,K,Q,Undisclosed,Sep 23 4:11 AM,N,Sun 1:00 pm vs KC
Chris Bell,42716,Mia,WR,Q,Knee,Sep 23 4:11 AM,Y,Sun 1:00 pm vs KC
John FitzPatrick,34169,GB,TE,Q,Achilles,Sep 23 4:11 AM,N,Thu 8:15 pm vs Atl
Eli Raridon,42717,NE,TE,Q,Thigh,Sep 23 4:11 AM,N,Sun 1:00 pm @ Jax
Elijah Mitchell,33582,KC,RB,Q,Undisclosed,Sep 23 4:11 AM,N,Sun 1:00 pm @ Mia
Barion Brown,42812,NO,WR,Q,Hamstring,Sep 23 4:11 AM,Y,Sun 4:25 pm vs LV
Kaytron Allen,42809,Was,RB,Q,Hip,Sep 23 4:11 AM,N,Sun 1:00 pm vs Sea
Dareke Young,34189,LV,WR,Q,Hamstring,Sep 23 4:11 AM,N,Sun 4:25 pm @ NO
Chris Oladokun,34197,KC,QB,Q,Undisclosed,Sep 23 4:11 AM,N,Sun 1:00 pm @ Mia
Kendrick Law,42798,Det,WR,IR,Knee - ACL,Sep 23 4:11 AM,N,Sun 1:00 pm vs NYJ
David Njoku,30142,LAC,TE,IR,Lower Leg,Sep 23 4:11 AM,Y,Sun 1:00 pm @ Buf
Skylar Thompson,34203,Bal,QB,IR,Undisclosed,Sep 23 4:11 AM,N,Sun 4:25 pm @ Dal
Brittain Brown,34206,Chi,RB,IR,Undisclosed,Sep 23 4:11 AM,N,Mon 8:15 pm vs Phi
Joe Mixon,30161,Hou,RB,O,Foot,Sep 23 4:11 AM,N,Sun 1:00 pm @ Ind
Isiah Pacheco,34207,Det,RB,IR,Back,Sep 23 4:11 AM,N,Sun 1:00 pm vs NYJ
Ronnie Rivers,34310,LAR,RB,IR,Calf,Sep 23 4:11 AM,Y,Sun 8:20 pm @ Den
Cooper Kupp,30182,Sea,WR,Q,Back,Sep 23 4:11 AM,N,Sun 1:00 pm @ Was
Jordan Mason,34320,Min,RB,IR,Thumb,Sep 23 4:11 AM,N,Sun 4:05 pm @ TB
Adam Randall,42780,Bal,RB,IR-R,Undisclosed,Sep 23 4:11 AM,N,Sun 4:25 pm @ Dal
Joe Royer,42772,Cle,TE,NFI-R,Personal,Sep 23 4:11 AM,N,Sun 1:00 pm vs Car
James Conner,30218,Ari,RB,IR-R,Foot,Sep 23 4:11 AM,N,Sun 4:05 pm @ SF
Irv Charles,34356,Sea,WR,IR-R,Undisclosed,Sep 23 4:11 AM,N,Sun 1:00 pm @ Was
Kene Nwangwu,33507,NYJ,RB,Q,Back,Sep 23 4:11 AM,N,Sun 1:00 pm @ Det
Jake Tonges,34374,SF,TE,IR,Knee - MCL,Sep 23 4:11 AM,N,Sun 4:05 pm vs Ari
Jaylen Warren,34447,Pit,RB,Q,Shoulder,Sep 23 4:11 AM,Y,Sun 1:00 pm vs Cin
Jalen Virgil,34579,Ari,WR,Q,Undisclosed,Sep 23 4:11 AM,N,Sun 4:05 pm @ SF
Jonah Coleman,42730,Den,RB,Q,Ankle,Sep 23 4:11 AM,Y,Sun 8:20 pm vs LAR
Jeremy McNichols,30275,Was,RB,IR-R,Quadriceps,Sep 23 4:11 AM,N,Sun 1:00 pm vs Sea
Brenen Thompson,42727,LAC,WR,Q,Quadriceps,Sep 23 4:11 AM,Y,Sun 1:00 pm @ Buf
Malik Nabers,40899,NYG,WR,Q,Shoulder,Sep 23 4:11 AM,Y,Sun 1:00 pm vs Ten
Ty Johnson,32018,Buf,RB,,,Sep 23 3:36 AM,N,Sun 1:00 pm vs LAC
Jauan Jennings,32887,Min,WR,,,Sep 23 3:16 AM,N,Sun 4:05 pm @ TB
DJ Giddens,41937,Ind,RB,,,Sep 23 12:56 AM,N,Sun 1:00 pm vs Hou
Dontae Fleming,42255,Min,WR,,,Sep 22 3:51 AM,Y,Sun 4:05 pm @ TB
Sam Scott,43209,NYJ,RB,,,Sep 22 2:56 AM,Y,Sun 1:00 pm @ Det
Ty Simpson,42635,LAR,QB,,,Sep 22 2:06 AM,N,Sun 8:20 pm @ Den
CJ Daniels,42819,LAR,WR,,,Sep 22 2:06 AM,N,Sun 8:20 pm @ Den
Thomas Fidone II,42004,NYG,TE,,,Sep 22 2:06 AM,N,Sun 1:00 pm vs Ten
Malick Meiga,43460,Sea,WR,,,Sep 22 2:06 AM,Y,Sun 1:00 pm @ Was
Brian Robinson,34054,Atl,RB,,,Sep 22 1:06 AM,N,Thu 8:15 pm @ GB
Tua Tagovailoa,32675,Atl,QB,,,Sep 22 1:06 AM,Y,Thu 8:15 pm @ GB
Nick Muse,34183,Atl,TE,,,Sep 22 1:06 AM,Y,Thu 8:15 pm @ GB
Brenden Bates,41675,Jax,TE,,,Sep 21 2:21 AM,Y,Sun 1:00 pm vs NE
Bo Melton,34185,GB,WR,,,Sep 21 2:16 AM,N,Thu 8:15 pm vs Atl
Michael Penix Jr.,40889,Atl,QB,,,Sep 21 2:06 AM,N,Thu 8:15 pm @ GB
Jared Wiley,40978,KC,TE,,,Sep 21 12:21 AM,N,Sun 1:00 pm @ Mia
Garrett Nussmeier,42871,KC,QB,,,Sep 21 12:21 AM,N,Sun 1:00 pm @ Mia
Riley Leonard,41968,Ind,QB,,,Sep 21 12:16 AM,N,Sun 1:00 pm vs Hou
Jordan Watkins,41917,SF,WR,,,Sep 21 12:11 AM,N,Sun 4:05 pm vs Ari
Kurtis Rourke,42009,SF,QB,,,Sep 21 12:11 AM,N,Sun 4:05 pm vs Ari
Athan Kaliakmanis,42845,Was,QB,,,Sep 21 12:06 AM,N,Sun 1:00 pm vs Sea
Montorie Foster Jr.,42515,Sea,WR,,,Sep 21 12:06 AM,N,Sun 1:00 pm @ Was
Carson Beck,42687,Ari,QB,,,Sep 21 12:06 AM,N,Sun 4:05 pm @ SF
Brady Cook,42229,Mia,QB,,,Sep 21 12:06 AM,N,Sun 1:00 pm vs KC
Reggie Virgil,42791,Ari,WR,,,Sep 21 12:06 AM,N,Sun 4:05 pm @ SF
Justin Joly,42764,Mia,TE,,,Sep 21 12:06 AM,N,Sun 1:00 pm vs KC
Luke McCaffrey,40964,Was,WR,,,Sep 21 12:06 AM,N,Sun 1:00 pm vs Sea
Tyler Goodson,34261,Dal,RB,,,Sep 21 12:06 AM,N,Sun 4:25 pm vs Bal
Jalen Tolbert,34044,Mia,WR,,,Sep 21 12:06 AM,N,Sun 1:00 pm vs KC
Camden Brown,43059,Dal,WR,,,Sep 21 12:06 AM,N,Sun 4:25 pm vs Bal
Dallen Bentley,42878,Den,TE,,,Sep 20 11:56 PM,N,Sun 8:20 pm vs LAR
Sam Ehlinger,33606,Den,QB,,,Sep 20 11:56 PM,N,Sun 8:20 pm vs LAR
Cole Payton,42801,Phi,QB,,,Sep 20 11:51 PM,N,Mon 8:15 pm @ Chi
Tanner Koziol,42797,Jax,TE,,,Sep 20 11:51 PM,N,Sun 1:00 pm vs NE
Elijah Moore,33422,Phi,WR,,,Sep 20 11:51 PM,N,Mon 8:15 pm @ Chi
Quinn Ewers,42037,Jax,QB,,,Sep 20 11:51 PM,N,Sun 1:00 pm vs NE
Kylen Granson,33515,Ten,TE,,,Sep 20 11:51 PM,N,Sun 1:00 pm @ NYG
CJ Williams,42825,Jax,WR,,,Sep 20 11:51 PM,N,Sun 1:00 pm vs NE
Tanner McKee,40220,Phi,QB,,,Sep 20 11:51 PM,N,Mon 8:15 pm @ Chi
Taylen Green,42804,Cle,QB,,,Sep 20 11:46 PM,N,Sun 1:00 pm vs Car
Blake Grupe,40296,NYJ,K,,,Sep 20 11:41 PM,N,Sun 1:00 pm @ Det
Behren Morton,42856,NE,QB,,,Sep 20 11:41 PM,N,Sun 1:00 pm @ Jax
Tanner Arkin,43152,NE,TE,,,Sep 20 11:41 PM,N,Sun 1:00 pm @ Jax
Will Howard,41989,Pit,QB,,,Sep 20 11:36 PM,N,Sun 1:00 pm vs Cin
Drew Allar,42698,Pit,QB,,,Sep 20 11:36 PM,N,Sun 1:00 pm vs Cin
Brevin Jordan,33535,Hou,TE,,,Sep 20 11:31 PM,N,Sun 1:00 pm @ Ind
Kyler Murray,31833,Min,QB,,,Sep 20 11:31 PM,N,Sun 4:05 pm @ TB
Case Keenum,26483,Chi,QB,,,Sep 20 11:26 PM,Y,Mon 8:15 pm vs Phi
Josh Johnson,8937,Cin,QB,,,Sep 20 11:26 PM,N,Sun 1:00 pm @ Pit
Ke'Shawn Williams,42278,Cin,WR,,,Sep 20 11:26 PM,N,Sun 1:00 pm @ Pit
Joe Fagnano,43003,Bal,QB,,,Sep 20 11:26 PM,N,Sun 4:25 pm @ Dal
Kendre Miller,40108,NO,RB,,,Sep 20 11:21 PM,N,Sun 4:25 pm vs LV
Zach Wilson,33390,NO,QB,,,Sep 20 11:21 PM,N,Sun 4:25 pm vs LV
Ja'Tavion Sanders,40995,Car,TE,,,Sep 20 11:11 PM,N,Sun 1:00 pm @ Cle
Haynes King,42904,Car,QB,,,Sep 20 11:11 PM,N,Sun 1:00 pm @ Cle
Skyler Bell,42747,Buf,WR,,,Sep 20 11:11 PM,N,Sun 1:00 pm vs LAC
Kaelon Black,42712,SF,RB,,,Sep 20 12:11 AM,N,Sun 4:05 pm vs Ari
Eddy Pineiro,31482,SF,K,,,Sep 20 12:11 AM,N,Sun 4:05 pm vs Ari
Ladd McConkey,40908,LAC,WR,,,Sep 19 11:41 PM,Y,Sun 1:00 pm @ Buf
Chris Olave,33966,NO,WR,,,Sep 19 8:41 PM,N,Sun 4:25 pm vs LV
Jalen McMillan,40954,TB,WR,,,Sep 19 8:41 PM,Y,Sun 4:05 pm vs Min
Joe Burrow,32671,Cin,QB,,,Sep 19 8:36 PM,N,Sun 1:00 pm @ Pit
Kyle Juszczyk,26753,SF,RB,,,Sep 18 3:31 AM,Y,Sun 4:05 pm vs Ari
Seydou Traore,42790,Mia,TE,,,Sep 18 3:06 AM,N,Sun 1:00 pm vs KC
George Kittle,30259,SF,TE,,,Sep 18 2:56 AM,N,Sun 4:05 pm vs Ari
Brian Thomas Jr.,40883,Jax,WR,,,Sep 18 2:16 AM,N,Sun 1:00 pm vs NE
Samaje Perine,30227,Cin,RB,,,Sep 18 1:21 AM,N,Sun 1:00 pm @ Pit
Jaylin Lane,41920,Was,WR,,,Sep 18 1:21 AM,Y,Sun 1:00 pm vs Sea
D'Andre Swift,32705,Chi,RB,,,Sep 18 12:16 AM,N,Mon 8:15 pm vs Phi
Oscar Delp,42695,NO,TE,,,Sep 17 11:26 PM,Y,Sun 4:25 pm vs LV
Juwan Johnson,33113,NO,TE,,,Sep 17 11:26 PM,N,Sun 4:25 pm vs LV
Tyrone Tracy Jr.,41048,NYG,RB,,,Sep 17 2:36 AM,N,Sun 1:00 pm vs Ten
Anthony Richardson Sr.,40040,Ind,QB,,,Sep 17 12:51 AM,N,Sun 1:00 pm vs Hou
Tory Horton,41952,Sea,WR,,,Sep 16 5:26 AM,Y,Sun 1:00 pm @ Was
Derius Davis,40133,LAC,WR,,,Sep 16 3:31 AM,N,Sun 1:00 pm @ Buf
Devontez Walker,40991,Bal,WR,,,Sep 16 2:46 AM,N,Sun 4:25 pm @ Dal
Sean Tucker,40742,TB,RB,,,Sep 16 2:31 AM,N,Sun 4:05 pm vs Min
Josh Whyle,40182,GB,TE,,,Sep 16 2:16 AM,N,Thu 8:15 pm vs Atl
Alvin Kamara,30180,NO,RB,,,Sep 16 1:56 AM,N,Sun 4:25 pm vs LV
TreVeyon Henderson,41823,NE,RB,,,Sep 16 1:31 AM,N,Sun 1:00 pm @ Jax
JuJu Smith-Schuster,30175,NYG,WR,,,Sep 15 6:26 AM,N,Sun 1:00 pm vs Ten
Jerome Ford,34112,Min,RB,,,Sep 15 4:31 AM,N,Sun 4:05 pm @ TB
Tyler Badie,34152,Den,RB,,,Sep 14 8:41 PM,Y,Sun 8:20 pm vs LAR
Davis Allen,40164,LAR,TE,,,Sep 13 9:36 PM,Y,Sun 8:20 pm @ Den
Jalen Milroe,41882,Sea,QB,,,Sep 13 8:26 PM,N,Sun 1:00 pm @ Was
Jordan James,41933,SF,RB,,,Sep 13 8:26 PM,N,Sun 4:05 pm vs Ari
Nick Kallerup,42465,Sea,TE,,,Sep 13 8:26 PM,N,Sun 1:00 pm @ Was
Nicholas Singleton,42763,Ten,RB,,,Sep 13 8:26 PM,N,Sun 1:00 pm @ NYG
Treylon Burks,33973,Was,WR,,,Sep 13 8:26 PM,Y,Sun 1:00 pm vs Sea
Demond Claiborne,42820,Min,RB,,,Sep 13 8:21 PM,N,Sun 4:05 pm @ TB
Dalen Cambre,42200,NYG,WR,,,Sep 13 8:21 PM,N,Sun 1:00 pm vs Ten
Efton Chism III,42296,NE,WR,,,Sep 13 8:21 PM,N,Sun 1:00 pm @ Jax
J.J. McCarthy,40905,Min,QB,,,Sep 13 8:21 PM,N,Sun 4:05 pm @ TB
Max Klare,42683,LAR,TE,,,Sep 13 8:21 PM,N,Sun 8:20 pm @ Den
Najee Harris,33412,NYG,RB,,,Sep 13 8:21 PM,Y,Sun 1:00 pm vs Ten
Tutu Atwell,33445,LAR,WR,,,Sep 13 8:21 PM,Y,Sun 8:20 pm @ Den
Israel Abanikanda,40165,Dal,RB,,,Sep 13 8:16 PM,N,Sun 4:25 pm vs Bal
J. Michael Sturdivant,43085,GB,WR,,,Sep 13 8:16 PM,N,Thu 8:15 pm vs Atl
Jack Endries,42843,Cin,TE,,,Sep 13 8:16 PM,N,Sun 1:00 pm @ Pit
John Metchie III,33999,Car,WR,,,Sep 13 8:11 PM,N,Sun 1:00 pm @ Cle
Elijah Sarratt,42737,Bal,WR,,,Sep 13 8:11 PM,N,Sun 4:25 pm @ Dal
Miller Moss,42902,Chi,QB,,,Sep 13 8:11 PM,N,Mon 8:15 pm vs Phi
Jeremiyah Love,42625,Ari,RB,,,Sep 13 12:06 AM,N,Sun 4:05 pm @ SF
Rome Odunze,40901,Chi,WR,,,Sep 12 8:36 PM,N,Mon 8:15 pm vs Phi
Cooper Rush,30788,Atl,QB,,,Sep 12 6:06 PM,N,Thu 8:15 pm @ GB
Keaton Mitchell,40641,LAC,RB,,,Sep 11 2:51 AM,N,Sun 1:00 pm @ Buf
Will Kacmarek,42709,Mia,TE,,,Sep 11 1:11 AM,N,Sun 1:00 pm vs KC
Zachariah Branch,42701,Atl,WR,,,Sep 10 11:06 PM,N,Thu 8:15 pm @ GB
Jacory Croskey-Merritt,42010,Was,RB,,,Sep 10 10:21 PM,N,Sun 1:00 pm vs Sea
Patrick Mahomes,30123,KC,QB,,,Sep 10 2:06 AM,N,Sun 1:00 pm @ Mia
Drew Ogletree,34148,Ind,TE,,,Sep 10 1:06 AM,N,Sun 1:00 pm vs Hou
Ollie Gordon II,41969,Mia,RB,,,Sep 9 6:06 AM,Y,Sun 1:00 pm vs KC
British Brooks,41480,Hou,RB,,,Sep 9 5:06 AM,N,Sun 1:00 pm @ Ind
Joshua Pitsenberger,43098,Hou,RB,,,Sep 9 5:06 AM,N,Sun 1:00 pm @ Ind
Cameron Dicker,34344,LAC,K,,,Sep 9 4:26 AM,N,Sun 1:00 pm @ Buf
John Bates,33512,Was,TE,,,Sep 9 3:21 AM,Y,Sun 1:00 pm vs Sea
Ben Sinnott,40931,Was,TE,,,Sep 9 3:21 AM,N,Sun 1:00 pm vs Sea
Marcus Mariota,28390,Was,QB,,,Sep 9 3:21 AM,N,Sun 1:00 pm vs Sea
Ashton Jeanty,41791,LV,RB,,,Sep 9 3:06 AM,N,Sun 4:25 pm @ NO
Tre' Harris,41840,LAC,WR,,,Sep 9 2:56 AM,N,Sun 1:00 pm @ Buf
Jaylin Noel,41885,Hou,WR,,,Sep 9 2:56 AM,Y,Sun 1:00 pm @ Ind
Rachaad White,34047,Was,RB,,,Sep 9 2:46 AM,N,Sun 1:00 pm vs Sea
Tucker Kraft,40102,GB,TE,,,Sep 9 2:41 AM,N,Thu 8:15 pm vs Atl
Khalil Shakir,34104,Buf,WR,,,Sep 9 2:36 AM,N,Sun 1:00 pm vs LAC
Emeka Egbuka,41804,TB,WR,,,Sep 9 2:06 AM,N,Sun 4:05 pm vs Min
Tee Higgins,32703,Cin,WR,,,Sep 9 1:56 AM,N,Sun 1:00 pm @ Pit
Ja'Marr Chase,33393,Cin,WR,,,Sep 9 1:56 AM,N,Sun 1:00 pm @ Pit
Josh Downs,40126,Ind,WR,,,Sep 9 1:41 AM,N,Sun 1:00 pm vs Hou
Ben Skowronek,33637,Pit,WR,,,Sep 9 1:41 AM,N,Sun 1:00 pm vs Cin
DK Metcalf,31896,Pit,WR,,,Sep 9 1:36 AM,N,Sun 1:00 pm vs Cin
Carnell Tate,42626,Ten,WR,,,Sep 9 1:31 AM,N,Sun 1:00 pm @ NYG
Mitchell Trubisky,30115,Ten,QB,,,Sep 9 1:31 AM,N,Sun 1:00 pm @ NYG
Wan'Dale Robinson,33998,Ten,WR,,,Sep 9 1:31 AM,N,Sun 1:00 pm @ NYG
Tyler Warren,41799,Ind,TE,,,Sep 9 1:26 AM,N,Sun 1:00 pm vs Hou
Theo Johnson,41003,NYG,TE,,,Sep 9 1:26 AM,Y,Sun 1:00 pm vs Ten
Bhayshul Tuten,41900,Jax,RB,,,Sep 9 1:26 AM,N,Sun 1:00 pm vs NE
Breece Hall,33991,NYJ,RB,,,Sep 9 1:16 AM,N,Sun 1:00 pm @ Det
Isaiah Davis,41031,NYJ,RB,,,Sep 9 1:16 AM,Y,Sun 1:00 pm @ Det
Luther Burden III,41824,Chi,WR,,,Sep 9 1:16 AM,N,Mon 8:15 pm vs Phi
Kenyon Sadiq,42638,NYJ,TE,,,Sep 9 1:16 AM,N,Sun 1:00 pm @ Det
Sam LaPorta,40064,Det,TE,,,Sep 9 1:06 AM,N,Sun 1:00 pm vs NYJ
Xavier Legette,40890,Car,WR,,,Sep 9 12:46 AM,Y,Sun 1:00 pm @ Cle
Chuba Hubbard,33514,Car,RB,,,Sep 9 12:41 AM,N,Sun 1:00 pm @ Cle
Jacob Cowing,40996,SF,WR,,,Sep 8 5:06 AM,N,Sun 4:05 pm vs Ari
Jack Stoll,33891,SF,TE,,,Sep 8 3:36 AM,N,Sun 4:05 pm vs Ari
Christian McCaffrey,30121,SF,RB,,,Sep 8 3:21 AM,N,Sun 4:05 pm vs Ari
Isaiah Bond,42598,Cle,WR,,,Sep 6 11:26 PM,N,Sun 1:00 pm vs Car
Emanuel Wilson,40707,Sea,RB,,,Sep 6 4:56 AM,N,Sun 1:00 pm @ Was
Brayden Willis,40261,SF,TE,,,Sep 5 2:26 AM,N,Sun 4:05 pm vs Ari
Brock Lampe,42293,Buf,RB,,,Sep 3 3:16 AM,N,Sun 1:00 pm vs LAC
Kalel Mullings,41986,Ten,RB,,,Sep 2 9:06 AM,N,Sun 1:00 pm @ NYG
Cedric Tillman,40093,NO,WR,,,Sep 2 6:21 AM,N,Sun 4:25 pm vs LV
Kenneth Walker III,33996,KC,RB,,,Sep 1 10:06 PM,N,Sun 1:00 pm @ Mia
Brandon Smith,33710,Pit,WR,,,Aug 31 2:26 AM,N,Sun 1:00 pm vs Cin
Cam Camper,42212,NYJ,WR,,,Aug 30 9:46 PM,N,Sun 1:00 pm @ Det
Jawhar Jordan,41064,Hou,RB,,,Aug 30 8:56 PM,N,Sun 1:00 pm @ Ind
Ihmir Smith-Marsette,33545,Car,WR,,,Aug 30 8:56 PM,Y,Sun 1:00 pm @ Cle
Dayton Wade,41262,Bal,WR,,,Aug 30 7:16 PM,N,Sun 4:25 pm @ Dal
Jalin Hyatt,40128,NYG,WR,,,Aug 30 6:21 AM,N,Sun 1:00 pm vs Ten
Xavier Worthy,40877,KC,WR,,,Aug 30 4:49 AM,N,Sun 1:00 pm @ Mia
Quentin Johnston,40051,LAC,WR,,,Aug 30 4:49 AM,N,Sun 1:00 pm @ Buf
Braxton Berrios,31180,NYG,WR,,,Aug 30 4:49 AM,Y,Sun 1:00 pm vs Ten
Lan Larison,42284,NE,RB,,,Aug 30 4:49 AM,N,Sun 1:00 pm @ Jax
Phil Mafah,42018,NYG,RB,,,Aug 30 4:49 AM,N,Sun 1:00 pm vs Ten
Jabari Small,41661,Det,RB,,,Aug 30 4:49 AM,N,Sun 1:00 pm vs NYJ
Britain Covey,34378,Phi,WR,,,Aug 30 4:49 AM,N,Mon 8:15 pm @ Chi
Carsen Ryan,42870,Cle,TE,,,Aug 30 4:49 AM,N,Sun 1:00 pm vs Car
Elijah Higgins,40226,Ari,TE,,,Aug 30 4:49 AM,N,Sun 4:05 pm @ SF
Noah Whittington,43197,Hou,RB,,,Aug 30 4:49 AM,N,Sun 1:00 pm @ Ind
Anthony Gould,41046,Ind,WR,,,Aug 30 4:49 AM,N,Sun 1:00 pm vs Hou
Sione Vaki,41006,Det,RB,,,Aug 30 4:49 AM,N,Sun 1:00 pm vs NYJ
Michael Trigg,42887,Dal,TE,,,Aug 30 4:49 AM,N,Sun 4:25 pm vs Bal
Tez Johnson,42030,TB,WR,,,Aug 30 4:49 AM,Y,Sun 4:05 pm vs Min
Bub Means,41045,Cle,WR,,,Aug 25 12:36 AM,N,Sun 1:00 pm vs Car
Quinshon Judkins,41821,Cle,RB,,,Aug 24 11:26 PM,N,Sun 1:00 pm vs Car
Cade Otton,34062,TB,TE,,,Aug 24 8:46 PM,N,Sun 4:05 pm vs Min
Parker Washington,40234,Jax,WR,,,Aug 24 7:31 PM,N,Sun 1:00 pm vs NE
Rasheen Ali,41033,Bal,RB,,,Aug 24 3:11 AM,N,Sun 4:25 pm @ Dal
Makai Lemon,42642,Phi,WR,,,Aug 23 9:51 PM,N,Mon 8:15 pm @ Chi
DeVonta Smith,33398,Phi,WR,,,Aug 23 9:51 PM,N,Mon 8:15 pm @ Chi
Dameon Pierce,34063,Phi,RB,,,Aug 23 9:26 PM,N,Mon 8:15 pm @ Chi
Jaydon Blue,41935,Phi,RB,,,Aug 22 9:11 AM,N,Mon 8:15 pm @ Chi
Kevin Coleman Jr.,42768,Mia,WR,,,Aug 22 3:56 AM,Y,Sun 1:00 pm vs KC
Max Brosmer,42075,Min,QB,,,Aug 22 3:11 AM,N,Sun 4:05 pm @ TB
Trayveon Williams,32014,Det,RB,,,Aug 22 12:51 AM,N,Sun 1:00 pm vs NYJ
Jacob Saylors,40474,Det,RB,,,Aug 22 12:06 AM,N,Sun 1:00 pm vs NYJ
Brenden Rice,41098,LV,WR,,,Aug 19 2:56 AM,N,Sun 4:25 pm @ NO
Jameson Williams,33967,Det,WR,,,Aug 19 2:06 AM,N,Sun 1:00 pm vs NYJ
Bryce Lance,42758,NO,WR,,,Aug 19 1:56 AM,Y,Sun 4:25 pm vs LV
Jaylen Waddle,33394,Den,WR,,,Aug 18 9:56 PM,N,Sun 8:20 pm vs LAR
Tank Bigsby,40095,Phi,RB,,,Aug 18 7:51 PM,N,Mon 8:15 pm @ Chi
Tyquan Thornton,34005,KC,WR,,,Aug 18 7:41 PM,N,Sun 1:00 pm @ Mia
Ronnie Bell,40279,LV,WR,,,Aug 18 4:31 AM,N,Sun 4:25 pm @ NO
Zavion Thomas,42711,Chi,WR,,,Aug 17 10:51 PM,N,Mon 8:15 pm vs Phi
Nick Mullens,30563,Jax,QB,,,Aug 17 7:21 PM,N,Sun 1:00 pm vs NE
Geno Smith,26662,NYJ,QB,,,Aug 17 6:41 PM,N,Sun 1:00 pm @ Det
Garrett Wilson,33965,NYJ,WR,,,Aug 17 6:06 PM,N,Sun 1:00 pm @ Det
Khalil Dinkins,42972,SF,TE,,,Aug 17 5:36 AM,N,Sun 4:05 pm vs Ari
Blake Watson,41388,Ten,RB,,,Aug 17 1:11 AM,N,Sun 1:00 pm @ NYG
Craig Reynolds,32596,Was,RB,,,Aug 16 7:06 PM,N,Sun 1:00 pm vs Sea
Jake Browning,32138,TB,QB,,,Aug 16 6:16 PM,N,Sun 4:05 pm vs Min
Michael Wiley,41234,TB,RB,,,Aug 16 3:16 AM,N,Sun 4:05 pm vs Min
Gavin Bartholomew,41994,Min,TE,,,Aug 15 10:41 PM,N,Sun 4:05 pm @ TB
Kaden Wetjen,42743,Pit,WR,,,Aug 15 8:26 PM,N,Sun 1:00 pm vs Cin
M. Valdes-Scantling,31144,LAC,WR,,,Aug 15 8:26 AM,N,Sun 1:00 pm @ Buf
Jordan Addison,40042,Min,WR,,,Aug 15 7:31 AM,N,Sun 4:05 pm @ TB
Josh Reynolds,30230,NYJ,WR,,,Aug 15 1:21 AM,N,Sun 1:00 pm @ Det
Jaleel McLaughlin,40696,Cle,RB,,,Aug 14 5:36 AM,Y,Sun 1:00 pm vs Car
Laquon Treadwell,29257,Ind,WR,,,Aug 13 9:41 PM,Y,Sun 1:00 pm vs Hou
Jahmyr Gibbs,40059,Det,RB,,,Aug 13 6:31 PM,N,Sun 1:00 pm vs NYJ
Darren Waller,28592,Car,TE,,,Aug 12 5:36 AM,N,Sun 1:00 pm @ Cle
Trevor Siemian,28638,Ten,QB,,,Aug 12 2:51 AM,N,Sun 1:00 pm @ NYG
Matthew Golden,41808,GB,WR,,,Aug 10 9:06 PM,N,Thu 8:15 pm vs Atl
Greg Dulcich,34036,Mia,TE,,,Aug 10 12:56 AM,N,Sun 1:00 pm vs KC
Nate Adkins,40702,Den,TE,,,Aug 9 8:56 PM,Y,Sun 8:20 pm vs LAR
Chris Brooks,40625,GB,RB,,,Aug 8 9:26 PM,Y,Thu 8:15 pm vs Atl
Elic Ayomanor,41904,Ten,WR,,,Aug 7 4:36 AM,N,Sun 1:00 pm @ NYG
Cyrus Allen,42773,KC,WR,,,Aug 6 7:11 PM,Y,Sun 1:00 pm @ Mia
Romeo Doubs,34088,NE,WR,,,Aug 6 6:36 PM,N,Sun 1:00 pm @ Jax
Bryce Pierre,42274,Car,TE,,,Aug 6 3:51 AM,N,Sun 1:00 pm @ Cle
Michael Mayer,40065,LV,TE,,,Aug 5 9:56 PM,N,Sun 4:25 pm @ NO
Josh Kattus,43058,Cin,TE,,,Aug 5 7:06 PM,N,Sun 1:00 pm @ Pit
Jermaine Terry,42446,Cle,TE,,,Aug 5 3:26 AM,N,Sun 1:00 pm vs Car
Tyler Conklin,31127,Det,TE,,,Aug 5 3:21 AM,N,Sun 1:00 pm vs NYJ
Cam Grandy,41353,Min,TE,,,Aug 5 2:46 AM,N,Sun 4:05 pm @ TB
KC Concepcion Jr.,42646,Cle,WR,,,Aug 5 12:56 AM,N,Sun 1:00 pm vs Car
Ben VanSumeren,40518,KC,RB,,,Aug 4 9:51 PM,N,Sun 1:00 pm @ Mia
CJ Dippre,42291,TB,TE,,,Aug 4 8:21 PM,N,Sun 4:05 pm vs Min
Zach Ertz,26658,Phi,TE,,,Aug 4 6:56 PM,N,Mon 8:15 pm @ Chi
Chris Rodriguez Jr.,40231,Jax,RB,,,Aug 3 2:46 AM,N,Sun 1:00 pm vs NE
Joseph Manjack,43076,Den,WR,,,Aug 3 12:06 AM,N,Sun 8:20 pm vs LAR
Josh Oliver,31901,Min,TE,,,Aug 2 5:46 PM,Y,Sun 4:05 pm @ TB
Donald Parham Jr.,32456,Pit,TE,,,Aug 1 1:51 AM,N,Sun 1:00 pm vs Cin
Cody Hardy,43161,NYJ,TE,,,Jul 31 2:41 AM,Y,Sun 1:00 pm @ Det
Mitchell Evans,41949,Car,TE,,,Jul 31 12:41 AM,N,Sun 1:00 pm @ Cle
Kenny McIntosh,40267,Sea,RB,,,Jul 20 1:21 AM,N,Sun 1:00 pm @ Was
Quentin Skinner,42223,Buf,WR,,,Jul 13 3:06 AM,N,Sun 1:00 pm vs LAC
Montrell Johnson Jr.,42173,Car,RB,,,May 20 2:06 AM,N,Sun 1:00 pm @ Cle
