Date,Player,Player ID,Team,Positions,Status,Roster Status,Change,Game
Sep 23,Joey Aguilar,42903,Jax,QB,,FA,On Injured Reserve,Sun 1:00 pm vs NE
Sep 23,Quintayvious Hutchins,42869,NE,"LB,DE",Q,FA,On Injured Reserve,Sun 1:00 pm @ Jax
Sep 23,Barion Brown,42812,NO,WR,Q,FA,On Injured Reserve,Sun 4:25 pm vs LV
Sep 23,Wade Woodaz,42745,Hou,LB,,FA,On Injured Reserve,Sun 1:00 pm @ Ind
Sep 23,Jadon Canady,42731,KC,CB,,FA,On Injured Reserve,Sun 1:00 pm @ Mia
Sep 23,Eli Raridon,42717,NE,TE,Q,FA,On Injured Reserve,Sun 1:00 pm @ Jax
Sep 23,Brandon Cisse,42674,GB,CB,,FA,On Injured Reserve,Thu 8:15 pm vs Atl
Sep 23,Zion Young,42667,Bal,"LB,DE",Q,FA,On Injured Reserve,Sun 4:25 pm @ Dal
Sep 23,Christen Miller,42664,NO,DT,Q,FA,On Injured Reserve,Sun 4:25 pm vs LV
Sep 23,Mansoor Delane,42628,KC,CB,,FA,On Injured Reserve,Sun 1:00 pm @ Mia
Sep 23,David Bailey,42624,NYJ,"LB,DE",,FA,On Injured Reserve,Sun 1:00 pm @ Det
Sep 23,LeQuint Allen Jr.,42007,Jax,RB,Q,FA,On Injured Reserve,Sun 1:00 pm vs NE
Sep 23,Kiko Mauigoa,41948,NYJ,LB,Q,FA,On Injured Reserve,Sun 1:00 pm @ Det
Sep 23,Jeffrey Bassa,41942,KC,LB,,FA,On Injured Reserve,Sun 1:00 pm @ Mia
Sep 23,Teddye Buchanan,41908,Bal,LB,,FA,On Injured Reserve,Sun 4:25 pm @ Dal
Sep 23,Craig Woodson,41897,NE,S,Q,FA,On Injured Reserve,Sun 1:00 pm @ Jax
Sep 23,Jonas Sanker,41879,NO,S,Q,FA,On Injured Reserve,Sun 4:25 pm vs LV
Sep 23,Mason Taylor,41827,NYJ,TE,D,FA,On Injured Reserve,Sun 1:00 pm @ Det
Sep 23,Malaki Starks,41812,Bal,S,Q,FA,On Injured Reserve,Sun 4:25 pm @ Dal
Sep 23,Mason Graham,41790,Cle,DT,Q,FA,On Injured Reserve,Sun 1:00 pm vs Car
Sep 23,Jalen Coker,41293,Car,WR,Q,Dave’s Bone Crushers,On Injured Reserve,Sun 1:00 pm @ Cle
Sep 23,Isaiah Stalbird,41184,NO,LB,,FA,On Injured Reserve,Sun 4:25 pm vs LV
Sep 23,James Williams Sr.,41112,Ten,LB,,FA,On Injured Reserve,Sun 1:00 pm @ NYG
Sep 23,Jaden Hicks,40977,KC,"DB,S",,FA,On Injured Reserve,Sun 1:00 pm @ Mia
Sep 23,Claudin Cherelus,40547,Car,LB,Q,FA,On Injured Reserve,Sun 1:00 pm @ Cle
Sep 23,Andrei Iosivas,40211,Cin,WR,O,FA,On Injured Reserve,Sun 1:00 pm @ Pit
Sep 23,Christian Braswell,40208,Jax,CB,,FA,On Injured Reserve,Sun 1:00 pm vs NE
Sep 23,Chamarri Conner,40160,KC,"DB,S",Q,FA,On Injured Reserve,Sun 1:00 pm @ Mia
Sep 23,Tyjae Spears,40119,Ten,RB,Q,FA,On Injured Reserve,Sun 1:00 pm @ NYG
Sep 23,DeMarvion Overshown,40099,Dal,LB,Q,FA,On Injured Reserve,Sun 4:25 pm vs Bal
Sep 23,Joey Porter Jr.,40089,Pit,CB,Q,FA,On Injured Reserve,Sun 1:00 pm vs Cin
Sep 23,Rashee Rice,40084,KC,WR,,Locked In Michelle,On Injured Reserve,Sun 1:00 pm @ Mia
Sep 23,Zay Flowers,40039,Bal,WR,Q,Jason's Jazzy Team,On Injured Reserve,Sun 4:25 pm @ Dal
Sep 23,Felix Anudike-Uzomah,40034,KC,DE,Q,FA,On Injured Reserve,Sun 1:00 pm @ Mia
Sep 23,Will Anderson Jr.,40031,Hou,DE,,FA,On Injured Reserve,Sun 1:00 pm @ Ind
Sep 23,Jack Cochrane,34432,KC,LB,,FA,On Injured Reserve,Sun 1:00 pm @ Mia
Sep 23,Jaylen Warren,34447,Pit,RB,Q,Dave’s Bone Crushers,On Injured Reserve,Sun 1:00 pm vs Cin
Sep 23,Brenden Schooler,34429,NE,"DB,S",NFI-R,FA,On Injured Reserve,Sun 1:00 pm @ Jax
Sep 23,Reed Blankenship,34376,Hou,S,,FA,On Injured Reserve,Sun 1:00 pm @ Ind
Sep 23,Jake Hummel,34342,Hou,LB,Q,FA,On Injured Reserve,Sun 1:00 pm @ Ind
Sep 23,James Houston,34173,Dal,"DL,LB,DE",,FA,On Injured Reserve,Sun 4:25 pm vs Bal
Sep 23,Cobie Durant,34098,Dal,"DB,CB",O,FA,On Injured Reserve,Sun 4:25 pm vs Bal
Sep 23,Cor'Dale Flott,34037,Ten,CB,Q,FA,On Injured Reserve,Sun 1:00 pm @ NYG
Sep 23,Martin Emerson Jr.,34024,NO,CB,Q,FA,On Injured Reserve,Sun 4:25 pm vs LV
Sep 23,Logan Hall,33988,Hou,DE,Q,FA,On Injured Reserve,Sun 1:00 pm @ Ind
Sep 23,Devin Lloyd,33982,Car,LB,Q,FA,On Injured Reserve,Sun 1:00 pm @ Cle
Sep 23,Bobby Brown III,33505,Car,"DT,DE",,FA,On Injured Reserve,Sun 1:00 pm @ Cle
Sep 23,Kene Nwangwu,33507,NYJ,RB,Q,FA,On Injured Reserve,Sun 1:00 pm @ Det
Sep 23,Nico Collins,33477,Hou,WR,Q,Steel City,On Injured Reserve,Sun 1:00 pm @ Ind
Sep 23,Patrick Jones II,33478,Car,LB,,FA,On Injured Reserve,Sun 1:00 pm @ Cle
Sep 23,Joseph Ossai,33457,NYJ,DE,Q,FA,On Injured Reserve,Sun 1:00 pm @ Det
Sep 23,Tyson Campbell,33421,Cle,CB,Q,FA,On Injured Reserve,Sun 1:00 pm vs Car
Sep 23,Travis Etienne Jr.,33413,NO,RB,Q,JGrahnasaurs,On Injured Reserve,Sun 4:25 pm vs LV
Sep 23,Jaelan Phillips,33406,Car,"LB,DE",Q,FA,On Injured Reserve,Sun 1:00 pm @ Cle
Sep 23,Reggie Gilliam,33357,NE,RB,Q,FA,On Injured Reserve,Sun 1:00 pm @ Jax
Sep 23,Rico Dowdle,33100,Pit,RB,Q,W (Sep 26),On Injured Reserve,Sun 1:00 pm vs Cin
Sep 23,L'Jarius Sneed,32808,KC,CB,Q,FA,On Injured Reserve,Sun 1:00 pm @ Mia
Sep 23,DaVon Hamilton,32743,Jax,DT,Q,FA,On Injured Reserve,Sun 1:00 pm vs NE
Sep 23,Nnamdi Madubuike,32741,Bal,"DT,DE",,FA,On Injured Reserve,Sun 4:25 pm @ Dal
Sep 23,Grant Delpit,32714,Cle,S,Q,FA,On Injured Reserve,Sun 1:00 pm vs Car
Sep 23,Jakobi Meyers,32231,Jax,WR,Q,Locked In Michelle,On Injured Reserve,Sun 1:00 pm vs NE
Sep 23,Nick Scott,32075,Car,S,Q,FA,On Injured Reserve,Sun 1:00 pm @ Cle
Sep 23,Tony Pollard,31960,Ten,RB,Q,Maybe Mitchell,On Injured Reserve,Sun 1:00 pm @ NYG
Sep 23,Quincy Williams,31930,Cle,LB,Q,FA,On Injured Reserve,Sun 1:00 pm vs Car
Sep 23,Dre'Mont Jones,31903,NE,"LB,DE",Q,FA,On Injured Reserve,Sun 1:00 pm @ Jax
Sep 23,B.J. Hill,31039,Cin,DT,Q,FA,On Injured Reserve,Sun 1:00 pm @ Pit
Sep 23,Carlton Davis III,31033,NE,CB,,FA,On Injured Reserve,Sun 1:00 pm @ Jax
Sep 23,Minkah Fitzpatrick,30981,NYJ,S,Q,FA,On Injured Reserve,Sun 1:00 pm @ Det
Sep 23,Trey Hendrickson,30216,Bal,"LB,DE",Q,FA,On Injured Reserve,Sun 4:25 pm @ Dal
Sep 23,Jonathan Allen,30130,Cin,DT,Q,FA,On Injured Reserve,Sun 1:00 pm @ Pit
Sep 23,Malik Hooker,30128,Dal,S,D,FA,On Injured Reserve,Sun 4:25 pm vs Bal
Sep 23,Patrick Mahomes,30123,KC,QB,,JGrahnasaurs,On Injured Reserve,Sun 1:00 pm @ Mia
Sep 23,Solomon Thomas,30116,Ten,"DL,DT",Q,FA,On Injured Reserve,Sun 1:00 pm @ NYG
Sep 23,Chris Moore,29341,Bal,WR,Q,FA,On Injured Reserve,Sun 4:25 pm @ Dal
Sep 23,Chris Jones,29271,KC,DT,Q,FA,On Injured Reserve,Sun 1:00 pm @ Mia
Sep 23,Darren Waller,28592,Car,TE,,FA,On Injured Reserve,Sun 1:00 pm @ Cle
Sep 23,Calais Campbell,8827,Bal,"DT,DE",,FA,On Injured Reserve,Sun 4:25 pm @ Dal
Sep 23,Damon Bankston,43354,GB,RB,,FA,On Injured Reserve,Thu 8:15 pm vs Atl
Sep 23,Kaytron Allen,42809,Was,RB,Q,FA,Off Injured Reserve,Sun 1:00 pm vs Sea
Sep 23,Seydou Traore,42790,Mia,TE,,FA,Off Injured Reserve,Sun 1:00 pm vs KC
Sep 23,Kendal Daniels,42756,Atl,LB,,FA,Off Injured Reserve,Thu 8:15 pm @ GB
Sep 23,Malik Muhammad II,42746,Chi,CB,,FA,Off Injured Reserve,Mon 8:15 pm vs Phi
Sep 23,Wade Woodaz,42745,Hou,LB,,FA,Off Injured Reserve,Sun 1:00 pm @ Ind
Sep 23,Kaelon Black,42712,SF,RB,,FA,Off Injured Reserve,Sun 4:05 pm vs Ari
Sep 23,Oscar Delp,42695,NO,TE,,FA,Off Injured Reserve,Sun 4:25 pm vs LV
Sep 23,D'Angelo Ponds,42672,NYJ,CB,,FA,Off Injured Reserve,Sun 1:00 pm @ Det
Sep 23,R Mason Thomas,42662,KC,DE,,FA,Off Injured Reserve,Sun 1:00 pm @ Mia
Sep 23,Christen Miller,42664,NO,DT,Q,FA,Off Injured Reserve,Sun 4:25 pm vs LV
Sep 23,Omar Cooper Jr.,42652,NYJ,WR,IR,FA,Off Injured Reserve,Sun 1:00 pm @ Det
Sep 23,De'Zhaun Stribling,42655,SF,WR,IR,Maybe Mitchell,Off Injured Reserve,Sun 4:05 pm vs Ari
Sep 23,Akheem Mesidor,42644,LAC,"LB,DE",,FA,Off Injured Reserve,Sun 1:00 pm @ Buf
Sep 23,Mansoor Delane,42628,KC,CB,,FA,Off Injured Reserve,Sun 1:00 pm @ Mia
Sep 23,Anthony Campbell,42544,GB,DT,Q,FA,On Injured Reserve,Thu 8:15 pm vs Atl
Sep 23,Keondre Jackson,42471,Bal,S,,FA,Off Injured Reserve,Sun 4:25 pm @ Dal
Sep 23,Kyle Monangai,42025,Chi,RB,Q,Jason's Jazzy Team,Off Injured Reserve,Mon 8:15 pm vs Phi
Sep 23,LeQuint Allen Jr.,42007,Jax,RB,Q,FA,Off Injured Reserve,Sun 1:00 pm vs NE
Sep 23,Jordan Hancock,41956,Buf,"S,CB",Q,FA,Off Injured Reserve,Sun 1:00 pm vs LAC
Sep 23,Tory Horton,41952,Sea,WR,,FA,Off Injured Reserve,Sun 1:00 pm @ Was
Sep 23,DJ Giddens,41937,Ind,RB,,FA,Off Injured Reserve,Sun 1:00 pm vs Hou
Sep 23,Dante Trader Jr.,41941,Mia,S,,FA,Off Injured Reserve,Sun 1:00 pm vs KC
Sep 23,Barryn Sorrell,41924,GB,DE,,FA,Off Injured Reserve,Thu 8:15 pm vs Atl
Sep 23,Cody Simon,41918,Ari,LB,,FA,Off Injured Reserve,Sun 4:05 pm @ SF
Sep 23,Jaylin Lane,41920,Was,WR,Q,FA,Off Injured Reserve,Sun 1:00 pm vs Sea
Sep 23,Teddye Buchanan,41908,Bal,LB,,FA,Off Injured Reserve,Sun 4:25 pm @ Dal
Sep 23,Ashton Gillotte,41886,KC,DE,,FA,Off Injured Reserve,Sun 1:00 pm @ Mia
Sep 23,Upton Stout,41884,SF,CB,,FA,Off Injured Reserve,Sun 4:05 pm vs Ari
Sep 23,Darien Porter,41876,LV,CB,Q,FA,Off Injured Reserve,Sun 4:25 pm @ NO
Sep 23,Jacob Parrish,41869,TB,CB,,FA,Off Injured Reserve,Sun 4:05 pm vs Min
Sep 23,Andrew Mukuba,41849,Phi,S,,FA,Off Injured Reserve,Mon 8:15 pm @ Chi
Sep 23,RJ Harvey,41845,Den,RB,Q,Max’s TD Bombers,Off Injured Reserve,Sun 8:20 pm vs LAR
Sep 23,TreVeyon Henderson,41823,NE,RB,,Steel City,Off Injured Reserve,Sun 1:00 pm @ Jax
Sep 23,T.J. Sanders,41826,Buf,DT,Q,FA,Off Injured Reserve,Sun 1:00 pm vs LAC
Sep 23,Nick Emmanwori,41820,Sea,S,,FA,Off Injured Reserve,Sun 1:00 pm @ Was
Sep 23,Shemar Stewart,41802,Cin,DE,,FA,Off Injured Reserve,Sun 1:00 pm @ Pit
Sep 23,Ashton Jeanty,41791,LV,RB,,Max’s TD Bombers,Off Injured Reserve,Sun 4:25 pm @ NO
Sep 23,Omar Speights,41449,LAR,LB,,FA,Off Injured Reserve,Sun 8:20 pm @ Den
Sep 23,Jalen Coker,41293,Car,WR,Q,Dave’s Bone Crushers,Off Injured Reserve,Sun 1:00 pm @ Cle
Sep 23,Tyler Owens,41222,Was,S,Q,FA,Off Injured Reserve,Sun 1:00 pm vs Sea
Sep 23,Isaiah Stalbird,41184,NO,LB,,FA,Off Injured Reserve,Sun 4:25 pm vs LV
Sep 23,James Williams Sr.,41112,Ten,LB,,FA,Off Injured Reserve,Sun 1:00 pm @ NYG
Sep 23,Jordan Whittington,41083,LAR,WR,Q,FA,Off Injured Reserve,Sun 8:20 pm @ Den
Sep 23,Jarvis Brownlee Jr.,41044,NYJ,"DB,CB",,FA,Off Injured Reserve,Sun 1:00 pm @ Det
Sep 23,Troy Franklin,41009,Den,WR,,FA,Off Injured Reserve,Sun 8:20 pm vs LAR
Sep 23,Dadrion Taylor-Demerson,40999,Ari,"DB,S",,FA,Off Injured Reserve,Sun 4:05 pm @ SF
Sep 23,Brandon Dorlus,40994,Atl,DE,,FA,On Injured Reserve,Thu 8:15 pm @ GB
Sep 23,Cedric Gray,40988,Ten,LB,,FA,Off Injured Reserve,Sun 1:00 pm @ NYG
Sep 23,T.J. Tampa Jr.,40990,Bal,"DB,CB",IR,FA,Off Injured Reserve,Sun 4:25 pm @ Dal
Sep 23,Devontez Walker,40991,Bal,WR,,FA,Off Injured Reserve,Sun 4:25 pm @ Dal
Sep 23,Ty'Ron Hopper,40972,GB,LB,,FA,Off Injured Reserve,Thu 8:15 pm vs Atl
Sep 23,Kamren Kinchens,40973,LAR,S,Q,FA,Off Injured Reserve,Sun 8:20 pm @ Den
Sep 23,Jalen McMillan,40954,TB,WR,,FA,Off Injured Reserve,Sun 4:05 pm vs Min
Sep 23,Edgerrin Cooper,40938,GB,LB,,FA,On Injured Reserve,Thu 8:15 pm vs Atl
Sep 23,Jonah Elliss,40940,Den,"LB,DE",,FA,Off Injured Reserve,Sun 8:20 pm vs LAR
Sep 23,Cooper DeJean,40934,Phi,"DB,CB",,FA,Off Injured Reserve,Mon 8:15 pm @ Chi
Sep 23,Max Melton,40929,Ari,"DB,CB",Q,FA,Off Injured Reserve,Sun 4:05 pm @ SF
Sep 23,Ladd McConkey,40908,LAC,WR,,Dave’s Bone Crushers,Off Injured Reserve,Sun 1:00 pm @ Buf
Sep 23,Cole Bishop,40912,Buf,S,,FA,Off Injured Reserve,Sun 1:00 pm vs LAC
Sep 23,Brian Thomas Jr.,40883,Jax,WR,,Owl Out Blitz,Off Injured Reserve,Sun 1:00 pm vs NE
Sep 23,Brock Bowers,40878,LV,TE,Q,Owl Out Blitz,Off Injured Reserve,Sun 4:25 pm @ NO
Sep 23,Chop Robinson,40879,Mia,DE,Q,FA,Off Injured Reserve,Sun 1:00 pm vs KC
Sep 23,Sean Tucker,40742,TB,RB,,FA,Off Injured Reserve,Sun 4:05 pm vs Min
Sep 23,Christian Izien,40681,Det,"S,CB",,FA,Off Injured Reserve,Sun 1:00 pm vs NYJ
Sep 23,Ty Okada,40469,Sea,S,Q,FA,Off Injured Reserve,Sun 1:00 pm @ Was
Sep 23,Austin Ajiake,40297,Ind,LB,,FA,Off Injured Reserve,Sun 1:00 pm vs Hou
Sep 23,Christian Braswell,40208,Jax,CB,,FA,Off Injured Reserve,Sun 1:00 pm vs NE
Sep 23,Puka Nacua,40168,LAR,WR,Q,Owl Out Blitz,Off Injured Reserve,Sun 8:20 pm @ Den
Sep 23,Chamarri Conner,40160,KC,"DB,S",Q,FA,Off Injured Reserve,Sun 1:00 pm @ Mia
Sep 23,Aidan O'Connell,40138,LV,QB,Q,FA,Off Injured Reserve,Sun 4:25 pm @ NO
Sep 23,Derius Davis,40133,LAC,WR,,FA,Off Injured Reserve,Sun 1:00 pm @ Buf
Sep 23,Garrett Williams,40127,Ari,CB,Q,FA,Off Injured Reserve,Sun 4:05 pm @ SF
Sep 23,Byron Young,40124,LAR,LB,,FA,Off Injured Reserve,Sun 8:20 pm @ Den
Sep 23,DeMarvion Overshown,40099,Dal,LB,Q,FA,Off Injured Reserve,Sun 4:25 pm vs Bal
Sep 23,Darnell Washington,40094,Pit,TE,,FA,Off Injured Reserve,Sun 1:00 pm vs Cin
Sep 23,Marvin Mims Jr.,40090,Den,WR,Q,FA,Off Injured Reserve,Sun 8:20 pm vs LAR
Sep 23,Rashee Rice,40084,KC,WR,,Locked In Michelle,Off Injured Reserve,Sun 1:00 pm @ Mia
Sep 23,Joey Porter Jr.,40089,Pit,CB,Q,FA,Off Injured Reserve,Sun 1:00 pm vs Cin
Sep 23,Keion White,40080,SF,"LB,DE",,FA,Off Injured Reserve,Sun 4:05 pm vs Ari
Sep 23,Jayden Reed,40063,GB,WR,O,Locked In Michelle,On Injured Reserve,Thu 8:15 pm vs Atl
Sep 23,Deonte Banks,40053,NYG,CB,Q,FA,Off Injured Reserve,Sun 1:00 pm vs Ten
Sep 23,Will McDonald IV,40038,NYJ,"DL,DE",,FA,Off Injured Reserve,Sun 1:00 pm @ Det
Sep 23,Zay Flowers,40039,Bal,WR,Q,Jason's Jazzy Team,Off Injured Reserve,Sun 4:25 pm @ Dal
Sep 23,Anthony Richardson Sr.,40040,Ind,QB,,FA,Off Injured Reserve,Sun 1:00 pm vs Hou
Sep 23,Jalen Carter,40035,Phi,"DT,DE",,FA,Off Injured Reserve,Mon 8:15 pm @ Chi
Sep 23,Lukas Van Ness,40037,GB,"LB,DE",,FA,Off Injured Reserve,Thu 8:15 pm vs Atl
Sep 23,Jack Gibbens,34454,Ari,LB,,FA,Off Injured Reserve,Sun 4:05 pm @ SF
Sep 23,Josh Jobe,34383,Sea,CB,,FA,Off Injured Reserve,Sun 1:00 pm @ Was
Sep 23,Jake Hummel,34342,Hou,LB,Q,FA,Off Injured Reserve,Sun 1:00 pm @ Ind
Sep 23,Nate Landman,34291,LAR,LB,Q,FA,Off Injured Reserve,Sun 8:20 pm @ Den
Sep 23,Deane Leonard,34192,LAC,"DB,CB",,FA,Off Injured Reserve,Sun 1:00 pm @ Buf
Sep 23,Nick Muse,34183,Atl,TE,,FA,On Injured Reserve,Thu 8:15 pm @ GB
Sep 23,Bo Melton,34185,GB,WR,,FA,On Injured Reserve,Thu 8:15 pm vs Atl
Sep 23,James Houston,34173,Dal,"DL,LB,DE",,FA,Off Injured Reserve,Sun 4:25 pm vs Bal
Sep 23,Micah McFadden,34102,NYG,LB,,FA,Off Injured Reserve,Sun 1:00 pm vs Ten
Sep 23,Chig Okonkwo,34099,Was,TE,Q,FA,Off Injured Reserve,Sun 1:00 pm vs Sea
Sep 23,Brian Robinson,34054,Atl,RB,,FA,On Injured Reserve,Thu 8:15 pm @ GB
Sep 23,Terrel Bernard,34045,Buf,LB,,FA,Off Injured Reserve,Sun 1:00 pm vs LAC
Sep 23,Malik Willis,34042,Mia,QB,,FA,Off Injured Reserve,Sun 1:00 pm vs KC
Sep 23,Cor'Dale Flott,34037,Ten,CB,Q,FA,Off Injured Reserve,Sun 1:00 pm @ NYG
Sep 23,Trey McBride,34010,Ari,TE,,Maybe Mitchell,Off Injured Reserve,Sun 4:05 pm @ SF
Sep 23,Alec Pierce,34008,Ind,WR,O,W (Sep 26),Off Injured Reserve,Sun 1:00 pm vs Hou
Sep 23,Logan Hall,33988,Hou,DE,Q,FA,Off Injured Reserve,Sun 1:00 pm @ Ind
Sep 23,Devonte Wyatt,33983,GB,"DL,DT",,FA,Off Injured Reserve,Thu 8:15 pm vs Atl
Sep 23,Dax Hill,33986,Cin,"S,CB",,FA,Off Injured Reserve,Sun 1:00 pm @ Pit
Sep 23,Chris Olave,33966,NO,WR,,Sunday Kevin,Off Injured Reserve,Sun 4:25 pm vs LV
Sep 23,Sauce Gardner,33959,Ind,CB,,FA,Off Injured Reserve,Sun 1:00 pm vs Hou
Sep 23,Roy Lopez,33583,Ari,DT,,FA,Off Injured Reserve,Sun 4:05 pm @ SF
Sep 23,Jamien Sherwood,33534,NYJ,LB,,FA,Off Injured Reserve,Sun 1:00 pm @ Det
Sep 23,Kene Nwangwu,33507,NYJ,RB,Q,FA,Off Injured Reserve,Sun 1:00 pm @ Det
Sep 23,Bobby Brown III,33505,Car,"DT,DE",,FA,Off Injured Reserve,Sun 1:00 pm @ Cle
Sep 23,Elijah Molden,33488,LAC,"S,CB",Q,FA,Off Injured Reserve,Sun 1:00 pm @ Buf
Sep 23,Nico Collins,33477,Hou,WR,Q,Steel City,Off Injured Reserve,Sun 1:00 pm @ Ind
Sep 23,Patrick Jones II,33478,Car,LB,,FA,Off Injured Reserve,Sun 1:00 pm @ Cle
Sep 23,Chauncey Golston,33472,NYG,"DT,DE",,FA,Off Injured Reserve,Sun 1:00 pm vs Ten
Sep 23,Paulson Adebo,33464,NYG,CB,IR,FA,Off Injured Reserve,Sun 1:00 pm vs Ten
Sep 23,Joseph Ossai,33457,NYJ,DE,Q,FA,Off Injured Reserve,Sun 1:00 pm @ Det
Sep 23,Dayo Odeyingbo,33442,Chi,DE,,FA,Off Injured Reserve,Mon 8:15 pm vs Phi
Sep 23,Elijah Moore,33422,Phi,WR,,FA,Off Injured Reserve,Mon 8:15 pm @ Chi
Sep 23,Odafe Oweh,33419,Was,LB,,FA,Off Injured Reserve,Sun 1:00 pm vs Sea
Sep 23,Tyson Campbell,33421,Cle,CB,Q,FA,Off Injured Reserve,Sun 1:00 pm vs Car
Sep 23,Greg Newsome II,33414,NYG,CB,,FA,Off Injured Reserve,Sun 1:00 pm vs Ten
Sep 23,Teair Tart,33347,LAC,DT,,FA,Off Injured Reserve,Sun 1:00 pm @ Buf
Sep 23,Christian Rozeboom,33261,TB,LB,,FA,Off Injured Reserve,Sun 4:05 pm vs Min
Sep 23,Juwan Johnson,33113,NO,TE,,Steel City,Off Injured Reserve,Sun 4:25 pm vs LV
Sep 23,Kam Curl,32886,LAR,S,,FA,Off Injured Reserve,Sun 8:20 pm @ Den
Sep 23,Jauan Jennings,32887,Min,WR,,FA,Off Injured Reserve,Sun 4:05 pm @ TB
Sep 23,Khalid Kareem,32817,SF,"LB,DE",,FA,Off Injured Reserve,Sun 4:05 pm vs Ari
Sep 23,Jaylinn Hawkins,32804,Bal,S,,FA,Off Injured Reserve,Sun 4:25 pm @ Dal
Sep 23,L'Jarius Sneed,32808,KC,CB,Q,FA,Off Injured Reserve,Sun 1:00 pm @ Mia
Sep 23,Akeem Davis-Gaither,32777,Ind,LB,,FA,Off Injured Reserve,Sun 1:00 pm vs Hou
Sep 23,Jonathan Greenard,32760,Phi,"LB,DE",Q,FA,Off Injured Reserve,Mon 8:15 pm @ Chi
Sep 23,Neville Gallimore,32752,Chi,DT,,FA,Off Injured Reserve,Mon 8:15 pm vs Phi
Sep 23,Nnamdi Madubuike,32741,Bal,"DT,DE",,FA,Off Injured Reserve,Sun 4:25 pm @ Dal
Sep 23,D'Andre Swift,32705,Chi,RB,,Owl Out Blitz,Off Injured Reserve,Mon 8:15 pm vs Phi
Sep 23,Noah Igbinoghene,32700,Cle,CB,,FA,Off Injured Reserve,Sun 1:00 pm vs Car
Sep 23,Michael Pittman Jr.,32704,Pit,WR,Q,Sunday Kevin,Off Injured Reserve,Sun 1:00 pm vs Cin
Sep 23,K'Lavon Chaisson,32690,Was,"LB,DE",,FA,Off Injured Reserve,Sun 1:00 pm vs Sea
Sep 23,Javon Kinlaw,32684,Was,DT,Q,FA,Off Injured Reserve,Sun 1:00 pm vs Sea
Sep 23,Jerry Jeudy,32685,Cle,WR,,FA,Off Injured Reserve,Sun 1:00 pm vs Car
Sep 23,A.J. Terrell Jr.,32686,Atl,CB,IR,FA,Off Injured Reserve,Thu 8:15 pm @ GB
Sep 23,Chase Young,32672,NO,"DL,DE",Q,FA,Off Injured Reserve,Sun 4:25 pm vs LV
Sep 23,Joe Burrow,32671,Cin,QB,,Locked In Michelle,Off Injured Reserve,Sun 1:00 pm @ Pit
Sep 23,Ashton Dulin,32292,Ind,WR,Q,FA,Off Injured Reserve,Sun 1:00 pm vs Hou
Sep 23,Jakobi Meyers,32231,Jax,WR,Q,Locked In Michelle,Off Injured Reserve,Sun 1:00 pm vs NE
Sep 23,Ty Johnson,32018,Buf,RB,,FA,Off Injured Reserve,Sun 1:00 pm vs LAC
Sep 23,Blake Cashman,31989,Min,LB,,FA,Off Injured Reserve,Sun 4:05 pm @ TB
Sep 23,Charles Omenihu,31993,Was,DE,Q,FA,Off Injured Reserve,Sun 1:00 pm vs Sea
Sep 23,Dre Greenlaw,31980,SF,LB,,FA,Off Injured Reserve,Sun 4:05 pm vs Ari
Sep 23,Andrew Van Ginkel,31983,Min,"LB,DE",,FA,Off Injured Reserve,Sun 4:05 pm @ TB
Sep 23,Dre'Mont Jones,31903,NE,"LB,DE",Q,FA,Off Injured Reserve,Sun 1:00 pm @ Jax
Sep 23,Hollywood Brown,31857,Phi,WR,,FA,Off Injured Reserve,Mon 8:15 pm @ Chi
Sep 23,Dexter Lawrence II,31849,Cin,"DL,DT",,FA,Off Injured Reserve,Sun 1:00 pm @ Pit
Sep 23,Ed Oliver,31841,Buf,DT,Q,FA,Off Injured Reserve,Sun 1:00 pm vs LAC
Sep 23,Kyler Murray,31833,Min,QB,,FA,Off Injured Reserve,Sun 4:05 pm @ TB
Sep 23,Nick Bosa,31834,SF,"DL,DE",,FA,Off Injured Reserve,Sun 4:05 pm vs Ari
Sep 23,Robert Spillane,31708,NE,LB,,FA,Off Injured Reserve,Sun 1:00 pm @ Jax
Sep 23,Frankie Luvu,31503,Was,LB,Q,FA,Off Injured Reserve,Sun 1:00 pm vs Sea
Sep 23,Eddy Pineiro,31482,SF,K,,Maybe Mitchell,Off Injured Reserve,Sun 4:05 pm vs Ari
Sep 23,Charvarius Ward,31293,Ind,CB,Q,FA,Off Injured Reserve,Sun 1:00 pm vs Hou
Sep 23,Foyesade Oluokun,31170,Jax,LB,,FA,Off Injured Reserve,Sun 1:00 pm vs NE
Sep 23,D.J. Reed,31112,Det,CB,,FA,Off Injured Reserve,Sun 1:00 pm vs NYJ
Sep 23,Josh Sweat,31101,Ari,"LB,DE",,FA,Off Injured Reserve,Sun 4:05 pm @ SF
Sep 23,Dorance Armstrong,31086,Was,"LB,DE",Q,FA,Off Injured Reserve,Sun 1:00 pm vs Sea
Sep 23,Ronnie Harrison Jr.,31063,Mia,"DB,LB,S",IR,FA,Off Injured Reserve,Sun 1:00 pm vs KC
Sep 23,B.J. Hill,31039,Cin,DT,Q,FA,Off Injured Reserve,Sun 1:00 pm @ Pit
Sep 23,Carlton Davis III,31033,NE,CB,,FA,Off Injured Reserve,Sun 1:00 pm @ Jax
Sep 23,Daron Payne,30983,Was,DT,,FA,Off Injured Reserve,Sun 1:00 pm vs Sea
Sep 23,Minkah Fitzpatrick,30981,NYJ,S,Q,FA,Off Injured Reserve,Sun 1:00 pm @ Det
Sep 23,Sam Darnold,30973,Sea,QB,Q,Monday Night Madison,Off Injured Reserve,Sun 1:00 pm @ Was
Sep 23,Bradley Chubb,30975,Buf,LB,,FA,Off Injured Reserve,Sun 1:00 pm vs LAC
Sep 23,Cooper Rush,30788,Atl,QB,,FA,Off Injured Reserve,Thu 8:15 pm @ GB
Sep 23,Xavier Woods,30304,Chi,S,,FA,Off Injured Reserve,Mon 8:15 pm vs Phi
Sep 23,Davon Godchaux,30291,NO,"DL,DT",,FA,Off Injured Reserve,Sun 4:25 pm vs LV
Sep 23,Grover Stewart,30257,Ind,DT,,FA,Off Injured Reserve,Sun 1:00 pm vs Hou
Sep 23,George Kittle,30259,SF,TE,,Owl Out Blitz,Off Injured Reserve,Sun 4:05 pm vs Ari
Sep 23,Samson Ebukam,30238,Atl,"LB,DE",O,FA,On Injured Reserve,Thu 8:15 pm @ GB
Sep 23,Samaje Perine,30227,Cin,RB,,FA,Off Injured Reserve,Sun 1:00 pm @ Pit
Sep 23,Trey Hendrickson,30216,Bal,"LB,DE",Q,FA,Off Injured Reserve,Sun 4:25 pm @ Dal
Sep 23,Cooper Kupp,30182,Sea,WR,Q,FA,Off Injured Reserve,Sun 1:00 pm @ Was
Sep 23,Alvin Kamara,30180,NO,RB,,FA,Off Injured Reserve,Sun 4:25 pm vs LV
Sep 23,Dalvin Tomlinson,30168,LAC,DT,D,FA,Off Injured Reserve,Sun 1:00 pm @ Buf
Sep 23,Budda Baker,30149,Ari,S,,FA,Off Injured Reserve,Sun 4:05 pm @ SF
Sep 23,Jonathan Allen,30130,Cin,DT,Q,FA,Off Injured Reserve,Sun 1:00 pm @ Pit
Sep 23,Malik Hooker,30128,Dal,S,D,FA,Off Injured Reserve,Sun 4:25 pm vs Bal
Sep 23,Christian McCaffrey,30121,SF,RB,,Jason's Jazzy Team,Off Injured Reserve,Sun 4:05 pm vs Ari
Sep 23,Patrick Mahomes,30123,KC,QB,,JGrahnasaurs,Off Injured Reserve,Sun 1:00 pm @ Mia
Sep 23,Miles Killebrew,29345,TB,"DB,S",,FA,Off Injured Reserve,Sun 4:05 pm vs Min
Sep 23,David Onyemata,29354,NYJ,"DL,DT",IR,FA,Off Injured Reserve,Sun 1:00 pm @ Det
Sep 23,Andrew Billings,29356,Ari,"DL,DT",Q,FA,Off Injured Reserve,Sun 4:05 pm @ SF
Sep 23,Tyler Higbee,29344,LAR,TE,,FA,Off Injured Reserve,Sun 8:20 pm @ Den
Sep 23,Maliek Collins,29301,Cle,DT,,FA,Off Injured Reserve,Sun 1:00 pm vs Car
Sep 23,Chris Jones,29271,KC,DT,Q,FA,Off Injured Reserve,Sun 1:00 pm @ Mia
Sep 23,DeForest Buckner,29241,Ind,DT,,FA,Off Injured Reserve,Sun 1:00 pm vs Hou
Sep 23,Darren Waller,28592,Car,TE,,FA,Off Injured Reserve,Sun 1:00 pm @ Cle
Sep 23,Za'Darius Smith,28510,Atl,"LB,DE",,FA,Off Injured Reserve,Thu 8:15 pm @ GB
Sep 23,Grady Jarrett,28525,Chi,"DL,DE",,FA,Off Injured Reserve,Mon 8:15 pm vs Phi
Sep 23,Bud Dupree,28410,LAC,LB,,FA,Off Injured Reserve,Sun 1:00 pm @ Buf
Sep 23,Davante Adams,27581,LAR,WR,,JGrahnasaurs,Off Injured Reserve,Sun 8:20 pm @ Den
Sep 23,Aaron Donald,27541,LAR,"DT,DE",,FA,Off Injured Reserve,Sun 8:20 pm @ Den
Sep 23,Khalil Mack,27533,LAC,"LB,DE",,FA,Off Injured Reserve,Sun 1:00 pm @ Buf
Sep 23,Jadeveon Clowney,27529,Hou,DE,Q,FA,Off Injured Reserve,Sun 1:00 pm @ Ind
Sep 23,Keenan Allen,26699,Ind,WR,,FA,Off Injured Reserve,Sun 1:00 pm vs Hou
Sep 23,Kyle Juszczyk,26753,SF,RB,,FA,Off Injured Reserve,Sun 4:05 pm vs Ari
Sep 23,Harrison Smith,25739,Min,S,,FA,Off Injured Reserve,Sun 4:05 pm @ TB
Sep 23,Cameron Jordan,24811,NO,DE,,FA,Off Injured Reserve,Sun 4:25 pm vs LV
Sep 23,Cameron Heyward,24818,Pit,"DT,DE",,FA,Off Injured Reserve,Sun 1:00 pm vs Cin
Sep 23,Calais Campbell,8827,Bal,"DT,DE",,FA,Off Injured Reserve,Sun 4:25 pm @ Dal
Sep 20,Tyler Higbee,29344,LAR,TE,,FA,On Injured Reserve,Sun 8:20 pm @ Den
Sep 20,Aaron Donald,27541,LAR,"DT,DE",,FA,On Injured Reserve,Sun 8:20 pm @ Den
Sep 19,Byron Young,40124,LAR,LB,,FA,On Injured Reserve,Sun 8:20 pm @ Den
Sep 19,Noah Igbinoghene,32700,Cle,CB,,FA,On Injured Reserve,Sun 1:00 pm vs Car
Sep 19,Brandon Cisse,42674,GB,CB,,FA,Off Injured Reserve,Thu 8:15 pm vs Atl
Sep 19,Jordan Whittington,41083,LAR,WR,Q,FA,On Injured Reserve,Sun 8:20 pm @ Den
Sep 19,Puka Nacua,40168,LAR,WR,Q,Owl Out Blitz,On Injured Reserve,Sun 8:20 pm @ Den
Sep 19,Benjamin St-Juste,33462,GB,CB,,FA,On Injured Reserve,Thu 8:15 pm vs Atl
Sep 18,Christen Miller,42664,NO,DT,Q,FA,On Injured Reserve,Sun 4:25 pm vs LV
Sep 18,Cor'Dale Flott,34037,Ten,CB,Q,FA,On Injured Reserve,Sun 1:00 pm @ NYG
Sep 18,Dax Hill,33986,Cin,"S,CB",,FA,On Injured Reserve,Sun 1:00 pm @ Pit
Sep 18,Logan Hall,33988,Hou,DE,Q,FA,On Injured Reserve,Sun 1:00 pm @ Ind
Sep 18,Sauce Gardner,33959,Ind,CB,,FA,On Injured Reserve,Sun 1:00 pm vs Hou
Sep 18,Elijah Moore,33422,Phi,WR,,FA,On Injured Reserve,Mon 8:15 pm @ Chi
Sep 18,Hollywood Brown,31857,Phi,WR,,FA,On Injured Reserve,Mon 8:15 pm @ Chi
Sep 18,Dexter Lawrence II,31849,Cin,"DL,DT",,FA,On Injured Reserve,Sun 1:00 pm @ Pit
Sep 18,Charvarius Ward,31293,Ind,CB,Q,FA,On Injured Reserve,Sun 1:00 pm vs Hou
Sep 18,A'Shawn Robinson,29280,TB,"DL,DT,DE",,FA,Off Injured Reserve,Sun 4:05 pm vs Min
Sep 18,Harrison Smith,25739,Min,S,,FA,On Injured Reserve,Sun 4:05 pm @ TB
Sep 18,Kaelon Black,42712,SF,RB,,FA,On Injured Reserve,Sun 4:05 pm vs Ari
Sep 18,Andrew Mukuba,41849,Phi,S,,FA,On Injured Reserve,Mon 8:15 pm @ Chi
Sep 18,Omar Speights,41449,LAR,LB,,FA,On Injured Reserve,Sun 8:20 pm @ Den
Sep 18,Kamren Kinchens,40973,LAR,S,Q,FA,On Injured Reserve,Sun 8:20 pm @ Den
Sep 18,Christian Braswell,40208,Jax,CB,,FA,On Injured Reserve,Sun 1:00 pm vs NE
Sep 18,Aidan O'Connell,40138,LV,QB,Q,FA,On Injured Reserve,Sun 4:25 pm @ NO
Sep 18,Nate Landman,34291,LAR,LB,Q,FA,On Injured Reserve,Sun 8:20 pm @ Den
Sep 18,Tyson Campbell,33421,Cle,CB,Q,FA,On Injured Reserve,Sun 1:00 pm vs Car
Sep 18,Kam Curl,32886,LAR,S,,FA,On Injured Reserve,Sun 8:20 pm @ Den
Sep 18,Ed Oliver,31841,Buf,DT,Q,FA,On Injured Reserve,Sun 1:00 pm vs LAC
Sep 18,Dalton Schultz,31107,Hou,TE,,Jason's Jazzy Team,Off Injured Reserve,Sun 1:00 pm @ Ind
Sep 18,Samaje Perine,30227,Cin,RB,,FA,On Injured Reserve,Sun 1:00 pm @ Pit
Sep 18,Jonathan Allen,30130,Cin,DT,Q,FA,On Injured Reserve,Sun 1:00 pm @ Pit
Sep 18,Andrew Billings,29356,Ari,"DL,DT",Q,FA,On Injured Reserve,Sun 4:05 pm @ SF
Sep 18,A'Shawn Robinson,29280,TB,"DL,DT,DE",,FA,On Injured Reserve,Sun 4:05 pm vs Min
Sep 18,Bud Dupree,28410,LAC,LB,,FA,On Injured Reserve,Sun 1:00 pm @ Buf
Sep 18,Davante Adams,27581,LAR,WR,,JGrahnasaurs,On Injured Reserve,Sun 8:20 pm @ Den
Sep 17,Kendal Daniels,42756,Atl,LB,,FA,On Injured Reserve,Thu 8:15 pm @ GB
Sep 17,DJ Giddens,41937,Ind,RB,,FA,On Injured Reserve,Sun 1:00 pm vs Hou
Sep 17,Deonte Banks,40053,NYG,CB,Q,FA,On Injured Reserve,Sun 1:00 pm vs Ten
Sep 17,Will McDonald IV,40038,NYJ,"DL,DE",,FA,On Injured Reserve,Sun 1:00 pm @ Det
Sep 17,Will Anderson Jr.,40031,Hou,DE,,FA,Off Injured Reserve,Sun 1:00 pm @ Ind
Sep 17,Micah McFadden,34102,NYG,LB,,FA,On Injured Reserve,Sun 1:00 pm vs Ten
Sep 17,Chris Olave,33966,NO,WR,,Sunday Kevin,On Injured Reserve,Sun 4:25 pm vs LV
Sep 17,Chauncey Golston,33472,NYG,"DT,DE",,FA,On Injured Reserve,Sun 1:00 pm vs Ten
Sep 17,Paulson Adebo,33464,NYG,CB,IR,FA,On Injured Reserve,Sun 1:00 pm vs Ten
Sep 17,Greg Newsome II,33414,NYG,CB,,FA,On Injured Reserve,Sun 1:00 pm vs Ten
Sep 17,Javon Kinlaw,32684,Was,DT,Q,FA,On Injured Reserve,Sun 1:00 pm vs Sea
Sep 17,Chase Young,32672,NO,"DL,DE",Q,FA,On Injured Reserve,Sun 4:25 pm vs LV
Sep 17,Davon Godchaux,30291,NO,"DL,DT",,FA,On Injured Reserve,Sun 4:25 pm vs LV
Sep 17,Grover Stewart,30257,Ind,DT,,FA,On Injured Reserve,Sun 1:00 pm vs Hou
Sep 17,Za'Darius Smith,28510,Atl,"LB,DE",,FA,On Injured Reserve,Thu 8:15 pm @ GB
Sep 17,Cameron Heyward,24818,Pit,"DT,DE",,FA,On Injured Reserve,Sun 1:00 pm vs Cin
Sep 17,Seydou Traore,42790,Mia,TE,,FA,On Injured Reserve,Sun 1:00 pm vs KC
Sep 17,Wade Woodaz,42745,Hou,LB,,FA,On Injured Reserve,Sun 1:00 pm @ Ind
Sep 17,Brandon Cisse,42674,GB,CB,,FA,On Injured Reserve,Thu 8:15 pm vs Atl
Sep 17,De'Zhaun Stribling,42655,SF,WR,IR,Maybe Mitchell,On Injured Reserve,Sun 4:05 pm vs Ari
Sep 17,Akheem Mesidor,42644,LAC,"LB,DE",,FA,On Injured Reserve,Sun 1:00 pm @ Buf
Sep 17,Keondre Jackson,42471,Bal,S,,FA,On Injured Reserve,Sun 4:25 pm @ Dal
Sep 17,Warren Brinson,41984,GB,DT,O,FA,On Injured Reserve,Thu 8:15 pm vs Atl
Sep 17,Tory Horton,41952,Sea,WR,,FA,On Injured Reserve,Sun 1:00 pm @ Was
Sep 17,Dante Trader Jr.,41941,Mia,S,,FA,On Injured Reserve,Sun 1:00 pm vs KC
Sep 17,Barryn Sorrell,41924,GB,DE,,FA,On Injured Reserve,Thu 8:15 pm vs Atl
Sep 17,Cody Simon,41918,Ari,LB,,FA,On Injured Reserve,Sun 4:05 pm @ SF
Sep 17,Billy Bowman Jr.,41911,Atl,S,Q,FA,On Injured Reserve,Thu 8:15 pm @ GB
Sep 17,Teddye Buchanan,41908,Bal,LB,,FA,On Injured Reserve,Sun 4:25 pm @ Dal
Sep 17,Upton Stout,41884,SF,CB,,FA,On Injured Reserve,Sun 4:05 pm vs Ari
Sep 17,Darien Porter,41876,LV,CB,Q,FA,On Injured Reserve,Sun 4:25 pm @ NO
Sep 17,Jacob Parrish,41869,TB,CB,,FA,On Injured Reserve,Sun 4:05 pm vs Min
Sep 17,Nick Emmanwori,41820,Sea,S,,FA,On Injured Reserve,Sun 1:00 pm @ Was
Sep 17,Shemar Stewart,41802,Cin,DE,,FA,On Injured Reserve,Sun 1:00 pm @ Pit
Sep 17,Ashton Jeanty,41791,LV,RB,,Max’s TD Bombers,On Injured Reserve,Sun 4:25 pm @ NO
Sep 17,Jalen Coker,41293,Car,WR,Q,Dave’s Bone Crushers,On Injured Reserve,Sun 1:00 pm @ Cle
Sep 17,Dadrion Taylor-Demerson,40999,Ari,"DB,S",,FA,On Injured Reserve,Sun 4:05 pm @ SF
Sep 17,Devontez Walker,40991,Bal,WR,,FA,On Injured Reserve,Sun 4:25 pm @ Dal
Sep 17,T.J. Tampa Jr.,40990,Bal,"DB,CB",IR,FA,On Injured Reserve,Sun 4:25 pm @ Dal
Sep 17,Ty'Ron Hopper,40972,GB,LB,,FA,On Injured Reserve,Thu 8:15 pm vs Atl
Sep 17,Jalen McMillan,40954,TB,WR,,FA,On Injured Reserve,Sun 4:05 pm vs Min
Sep 17,Cooper DeJean,40934,Phi,"DB,CB",,FA,On Injured Reserve,Mon 8:15 pm @ Chi
Sep 17,Max Melton,40929,Ari,"DB,CB",Q,FA,On Injured Reserve,Sun 4:05 pm @ SF
Sep 17,Ladd McConkey,40908,LAC,WR,,Dave’s Bone Crushers,On Injured Reserve,Sun 1:00 pm @ Buf
Sep 17,Michael Penix Jr.,40889,Atl,QB,,FA,On Injured Reserve,Thu 8:15 pm @ GB
Sep 17,Chop Robinson,40879,Mia,DE,Q,FA,On Injured Reserve,Sun 1:00 pm vs KC
Sep 17,Brock Bowers,40878,LV,TE,Q,Owl Out Blitz,On Injured Reserve,Sun 4:25 pm @ NO
Sep 17,Sean Tucker,40742,TB,RB,,FA,On Injured Reserve,Sun 4:05 pm vs Min
Sep 17,Ty Okada,40469,Sea,S,Q,FA,On Injured Reserve,Sun 1:00 pm @ Was
Sep 17,Austin Ajiake,40297,Ind,LB,,FA,On Injured Reserve,Sun 1:00 pm vs Hou
Sep 17,Derius Davis,40133,LAC,WR,,FA,On Injured Reserve,Sun 1:00 pm @ Buf
Sep 17,Garrett Williams,40127,Ari,CB,Q,FA,On Injured Reserve,Sun 4:05 pm @ SF
Sep 17,DeMarvion Overshown,40099,Dal,LB,Q,FA,On Injured Reserve,Sun 4:25 pm vs Bal
Sep 17,Keion White,40080,SF,"LB,DE",,FA,On Injured Reserve,Sun 4:05 pm vs Ari
Sep 17,Anthony Richardson Sr.,40040,Ind,QB,,FA,On Injured Reserve,Sun 1:00 pm vs Hou
Sep 17,Lukas Van Ness,40037,GB,"LB,DE",,FA,On Injured Reserve,Thu 8:15 pm vs Atl
Sep 17,Zay Flowers,40039,Bal,WR,Q,Jason's Jazzy Team,On Injured Reserve,Sun 4:25 pm @ Dal
Sep 17,Jalen Carter,40035,Phi,"DT,DE",,FA,On Injured Reserve,Mon 8:15 pm @ Chi
Sep 17,Will Anderson Jr.,40031,Hou,DE,,FA,On Injured Reserve,Sun 1:00 pm @ Ind
Sep 17,Jack Gibbens,34454,Ari,LB,,FA,On Injured Reserve,Sun 4:05 pm @ SF
Sep 17,Josh Jobe,34383,Sea,CB,,FA,On Injured Reserve,Sun 1:00 pm @ Was
Sep 17,Jake Hummel,34342,Hou,LB,Q,FA,On Injured Reserve,Sun 1:00 pm @ Ind
Sep 17,Deane Leonard,34192,LAC,"DB,CB",,FA,On Injured Reserve,Sun 1:00 pm @ Buf
Sep 17,James Houston,34173,Dal,"DL,LB,DE",,FA,On Injured Reserve,Sun 4:25 pm vs Bal
Sep 17,Malik Willis,34042,Mia,QB,,FA,On Injured Reserve,Sun 1:00 pm vs KC
Sep 17,Alec Pierce,34008,Ind,WR,O,W (Sep 26),On Injured Reserve,Sun 1:00 pm vs Hou
Sep 17,Trey McBride,34010,Ari,TE,,Maybe Mitchell,On Injured Reserve,Sun 4:05 pm @ SF
Sep 17,Devonte Wyatt,33983,GB,"DL,DT",,FA,On Injured Reserve,Thu 8:15 pm vs Atl
Sep 17,Roy Lopez,33583,Ari,DT,,FA,On Injured Reserve,Sun 4:05 pm @ SF
Sep 17,Bobby Brown III,33505,Car,"DT,DE",,FA,On Injured Reserve,Sun 1:00 pm @ Cle
Sep 17,Elijah Molden,33488,LAC,"S,CB",Q,FA,On Injured Reserve,Sun 1:00 pm @ Buf
Sep 17,Nico Collins,33477,Hou,WR,Q,Steel City,On Injured Reserve,Sun 1:00 pm @ Ind
Sep 17,Patrick Jones II,33478,Car,LB,,FA,On Injured Reserve,Sun 1:00 pm @ Cle
Sep 17,Teair Tart,33347,LAC,DT,,FA,On Injured Reserve,Sun 1:00 pm @ Buf
Sep 17,Christian Rozeboom,33261,TB,LB,,FA,On Injured Reserve,Sun 4:05 pm vs Min
Sep 17,Jauan Jennings,32887,Min,WR,,FA,On Injured Reserve,Sun 4:05 pm @ TB
Sep 17,Khalid Kareem,32817,SF,"LB,DE",,FA,On Injured Reserve,Sun 4:05 pm vs Ari
Sep 17,Jaylinn Hawkins,32804,Bal,S,,FA,On Injured Reserve,Sun 4:25 pm @ Dal
Sep 17,Akeem Davis-Gaither,32777,Ind,LB,,FA,On Injured Reserve,Sun 1:00 pm vs Hou
Sep 17,Jonathan Greenard,32760,Phi,"LB,DE",Q,FA,On Injured Reserve,Mon 8:15 pm @ Chi
Sep 17,Nnamdi Madubuike,32741,Bal,"DT,DE",,FA,On Injured Reserve,Sun 4:25 pm @ Dal
Sep 17,Neville Gallimore,32752,Chi,DT,,FA,On Injured Reserve,Mon 8:15 pm vs Phi
Sep 17,D'Andre Swift,32705,Chi,RB,,Owl Out Blitz,On Injured Reserve,Mon 8:15 pm vs Phi
Sep 17,A.J. Terrell Jr.,32686,Atl,CB,IR,FA,On Injured Reserve,Thu 8:15 pm @ GB
Sep 17,K'Lavon Chaisson,32690,Was,"LB,DE",,FA,On Injured Reserve,Sun 1:00 pm vs Sea
Sep 17,Jerry Jeudy,32685,Cle,WR,,FA,On Injured Reserve,Sun 1:00 pm vs Car
Sep 17,Tua Tagovailoa,32675,Atl,QB,,FA,On Injured Reserve,Thu 8:15 pm @ GB
Sep 17,Joe Burrow,32671,Cin,QB,,Locked In Michelle,On Injured Reserve,Sun 1:00 pm @ Pit
Sep 17,Ashton Dulin,32292,Ind,WR,Q,FA,On Injured Reserve,Sun 1:00 pm vs Hou
Sep 17,Jakobi Meyers,32231,Jax,WR,Q,Locked In Michelle,On Injured Reserve,Sun 1:00 pm vs NE
Sep 17,Blake Cashman,31989,Min,LB,,FA,On Injured Reserve,Sun 4:05 pm @ TB
Sep 17,Charles Omenihu,31993,Was,DE,Q,FA,On Injured Reserve,Sun 1:00 pm vs Sea
Sep 17,Andrew Van Ginkel,31983,Min,"LB,DE",,FA,On Injured Reserve,Sun 4:05 pm @ TB
Sep 17,Dre Greenlaw,31980,SF,LB,,FA,On Injured Reserve,Sun 4:05 pm vs Ari
Sep 17,Nick Bosa,31834,SF,"DL,DE",,FA,On Injured Reserve,Sun 4:05 pm vs Ari
Sep 17,Kyler Murray,31833,Min,QB,,FA,On Injured Reserve,Sun 4:05 pm @ TB
Sep 17,Eddy Pineiro,31482,SF,K,,Maybe Mitchell,On Injured Reserve,Sun 4:05 pm vs Ari
Sep 17,Frankie Luvu,31503,Was,LB,Q,FA,On Injured Reserve,Sun 1:00 pm vs Sea
Sep 17,Foyesade Oluokun,31170,Jax,LB,,FA,On Injured Reserve,Sun 1:00 pm vs NE
Sep 17,Dalton Schultz,31107,Hou,TE,,Jason's Jazzy Team,On Injured Reserve,Sun 1:00 pm @ Ind
Sep 17,Josh Sweat,31101,Ari,"LB,DE",,FA,On Injured Reserve,Sun 4:05 pm @ SF
Sep 17,Dorance Armstrong,31086,Was,"LB,DE",Q,FA,On Injured Reserve,Sun 1:00 pm vs Sea
Sep 17,Ronnie Harrison Jr.,31063,Mia,"DB,LB,S",IR,FA,On Injured Reserve,Sun 1:00 pm vs KC
Sep 17,B.J. Hill,31039,Cin,DT,Q,FA,On Injured Reserve,Sun 1:00 pm @ Pit
Sep 17,Daron Payne,30983,Was,DT,,FA,On Injured Reserve,Sun 1:00 pm vs Sea
Sep 17,Sam Darnold,30973,Sea,QB,Q,Monday Night Madison,On Injured Reserve,Sun 1:00 pm @ Was
Sep 17,Cooper Rush,30788,Atl,QB,,FA,On Injured Reserve,Thu 8:15 pm @ GB
Sep 17,Xavier Woods,30304,Chi,S,,FA,On Injured Reserve,Mon 8:15 pm vs Phi
Sep 17,George Kittle,30259,SF,TE,,Owl Out Blitz,On Injured Reserve,Sun 4:05 pm vs Ari
Sep 17,Trey Hendrickson,30216,Bal,"LB,DE",Q,FA,On Injured Reserve,Sun 4:25 pm @ Dal
Sep 17,Cooper Kupp,30182,Sea,WR,Q,FA,On Injured Reserve,Sun 1:00 pm @ Was
Sep 17,Alvin Kamara,30180,NO,RB,,FA,On Injured Reserve,Sun 4:25 pm vs LV
Sep 17,Dalvin Tomlinson,30168,LAC,DT,D,FA,On Injured Reserve,Sun 1:00 pm @ Buf
Sep 17,Budda Baker,30149,Ari,S,,FA,On Injured Reserve,Sun 4:05 pm @ SF
Sep 17,Malik Hooker,30128,Dal,S,D,FA,On Injured Reserve,Sun 4:25 pm vs Bal
Sep 17,Christian McCaffrey,30121,SF,RB,,Jason's Jazzy Team,On Injured Reserve,Sun 4:05 pm vs Ari
Sep 17,Miles Killebrew,29345,TB,"DB,S",,FA,On Injured Reserve,Sun 4:05 pm vs Min
Sep 17,Javon Hargrave,29323,GB,"DL,DT",Q,FA,On Injured Reserve,Thu 8:15 pm vs Atl
Sep 17,Maliek Collins,29301,Cle,DT,,FA,On Injured Reserve,Sun 1:00 pm vs Car
Sep 17,DeForest Buckner,29241,Ind,DT,,FA,On Injured Reserve,Sun 1:00 pm vs Hou
Sep 17,Darren Waller,28592,Car,TE,,FA,On Injured Reserve,Sun 1:00 pm @ Cle
Sep 17,Grady Jarrett,28525,Chi,"DL,DE",,FA,On Injured Reserve,Mon 8:15 pm vs Phi
Sep 17,Khalil Mack,27533,LAC,"LB,DE",,FA,On Injured Reserve,Sun 1:00 pm @ Buf
Sep 17,Jadeveon Clowney,27529,Hou,DE,Q,FA,On Injured Reserve,Sun 1:00 pm @ Ind
Sep 17,Keenan Allen,26699,Ind,WR,,FA,On Injured Reserve,Sun 1:00 pm vs Hou
Sep 17,Kyle Juszczyk,26753,SF,RB,,FA,On Injured Reserve,Sun 4:05 pm vs Ari
Sep 17,Cameron Jordan,24811,NO,DE,,FA,On Injured Reserve,Sun 4:25 pm vs LV
Sep 17,Calais Campbell,8827,Bal,"DT,DE",,FA,On Injured Reserve,Sun 4:25 pm @ Dal
Sep 16,Kaytron Allen,42809,Was,RB,Q,FA,On Injured Reserve,Sun 1:00 pm vs Sea
Sep 16,Malik Muhammad II,42746,Chi,CB,,FA,On Injured Reserve,Mon 8:15 pm vs Phi
Sep 16,Oscar Delp,42695,NO,TE,,FA,On Injured Reserve,Sun 4:25 pm vs LV
Sep 16,D'Angelo Ponds,42672,NYJ,CB,,FA,On Injured Reserve,Sun 1:00 pm @ Det
Sep 16,R Mason Thomas,42662,KC,DE,,FA,On Injured Reserve,Sun 1:00 pm @ Mia
Sep 16,Omar Cooper Jr.,42652,NYJ,WR,IR,FA,On Injured Reserve,Sun 1:00 pm @ Det
Sep 16,Mansoor Delane,42628,KC,CB,,FA,On Injured Reserve,Sun 1:00 pm @ Mia
Sep 16,Kyle Monangai,42025,Chi,RB,Q,Jason's Jazzy Team,On Injured Reserve,Mon 8:15 pm vs Phi
Sep 16,LeQuint Allen Jr.,42007,Jax,RB,Q,FA,On Injured Reserve,Sun 1:00 pm vs NE
Sep 16,Jaylin Lane,41920,Was,WR,Q,FA,On Injured Reserve,Sun 1:00 pm vs Sea
Sep 16,Ashton Gillotte,41886,KC,DE,,FA,On Injured Reserve,Sun 1:00 pm @ Mia
Sep 16,RJ Harvey,41845,Den,RB,Q,Max’s TD Bombers,On Injured Reserve,Sun 8:20 pm vs LAR
Sep 16,TreVeyon Henderson,41823,NE,RB,,Steel City,On Injured Reserve,Sun 1:00 pm @ Jax
Sep 16,Tyler Owens,41222,Was,S,Q,FA,On Injured Reserve,Sun 1:00 pm vs Sea
Sep 16,Isaiah Stalbird,41184,NO,LB,,FA,On Injured Reserve,Sun 4:25 pm vs LV
Sep 16,James Williams Sr.,41112,Ten,LB,,FA,On Injured Reserve,Sun 1:00 pm @ NYG
Sep 16,Jarvis Brownlee Jr.,41044,NYJ,"DB,CB",,FA,On Injured Reserve,Sun 1:00 pm @ Det
Sep 16,Troy Franklin,41009,Den,WR,,FA,On Injured Reserve,Sun 8:20 pm vs LAR
Sep 16,Cedric Gray,40988,Ten,LB,,FA,On Injured Reserve,Sun 1:00 pm @ NYG
Sep 16,Jonah Elliss,40940,Den,"LB,DE",,FA,On Injured Reserve,Sun 8:20 pm vs LAR
Sep 16,Brian Thomas Jr.,40883,Jax,WR,,Owl Out Blitz,On Injured Reserve,Sun 1:00 pm vs NE
Sep 16,Chamarri Conner,40160,KC,"DB,S",Q,FA,On Injured Reserve,Sun 1:00 pm @ Mia
Sep 16,Darnell Washington,40094,Pit,TE,,FA,On Injured Reserve,Sun 1:00 pm vs Cin
Sep 16,Joey Porter Jr.,40089,Pit,CB,Q,FA,On Injured Reserve,Sun 1:00 pm vs Cin
Sep 16,Marvin Mims Jr.,40090,Den,WR,Q,FA,On Injured Reserve,Sun 8:20 pm vs LAR
Sep 16,Rashee Rice,40084,KC,WR,,Locked In Michelle,On Injured Reserve,Sun 1:00 pm @ Mia
Sep 16,Chig Okonkwo,34099,Was,TE,Q,FA,On Injured Reserve,Sun 1:00 pm vs Sea
Sep 16,Jamien Sherwood,33534,NYJ,LB,,FA,On Injured Reserve,Sun 1:00 pm @ Det
Sep 16,Kene Nwangwu,33507,NYJ,RB,Q,FA,On Injured Reserve,Sun 1:00 pm @ Det
Sep 16,Joseph Ossai,33457,NYJ,DE,Q,FA,On Injured Reserve,Sun 1:00 pm @ Det
Sep 16,Dayo Odeyingbo,33442,Chi,DE,,FA,On Injured Reserve,Mon 8:15 pm vs Phi
Sep 16,Odafe Oweh,33419,Was,LB,,FA,On Injured Reserve,Sun 1:00 pm vs Sea
Sep 16,Juwan Johnson,33113,NO,TE,,Steel City,On Injured Reserve,Sun 4:25 pm vs LV
Sep 16,L'Jarius Sneed,32808,KC,CB,Q,FA,On Injured Reserve,Sun 1:00 pm @ Mia
Sep 16,Michael Pittman Jr.,32704,Pit,WR,Q,Sunday Kevin,On Injured Reserve,Sun 1:00 pm vs Cin
Sep 16,Dre'Mont Jones,31903,NE,"LB,DE",Q,FA,On Injured Reserve,Sun 1:00 pm @ Jax
Sep 16,Robert Spillane,31708,NE,LB,,FA,On Injured Reserve,Sun 1:00 pm @ Jax
Sep 16,Carlton Davis III,31033,NE,CB,,FA,On Injured Reserve,Sun 1:00 pm @ Jax
Sep 16,Minkah Fitzpatrick,30981,NYJ,S,Q,FA,On Injured Reserve,Sun 1:00 pm @ Det
Sep 16,Patrick Mahomes,30123,KC,QB,,JGrahnasaurs,On Injured Reserve,Sun 1:00 pm @ Mia
Sep 16,David Onyemata,29354,NYJ,"DL,DT",IR,FA,On Injured Reserve,Sun 1:00 pm @ Det
Sep 16,Chris Jones,29271,KC,DT,Q,FA,On Injured Reserve,Sun 1:00 pm @ Mia
Sep 16,James Thompson Jr.,42968,SF,DE,D,FA,Off Injured Reserve,Sun 4:05 pm vs Ari
Sep 16,Jacob Thomas,42920,Min,S,,FA,Off Injured Reserve,Sun 4:05 pm @ TB
Sep 16,Seydou Traore,42790,Mia,TE,,FA,Off Injured Reserve,Sun 1:00 pm vs KC
Sep 16,Keith Abney II,42771,Det,CB,,FA,Off Injured Reserve,Sun 1:00 pm vs NYJ
Sep 16,Kendal Daniels,42756,Atl,LB,,FA,Off Injured Reserve,Thu 8:15 pm @ GB
Sep 16,Wade Woodaz,42745,Hou,LB,,FA,Off Injured Reserve,Sun 1:00 pm @ Ind
Sep 16,Jimmy Rolder,42740,Det,LB,,FA,Off Injured Reserve,Sun 1:00 pm vs NYJ
Sep 16,Brenen Thompson,42727,LAC,WR,Q,FA,Off Injured Reserve,Sun 1:00 pm @ Buf
Sep 16,Gracen Halton,42729,SF,"DT,DE",,FA,Off Injured Reserve,Sun 4:05 pm vs Ari
Sep 16,Jakobe Thomas,42720,Min,S,,FA,Off Injured Reserve,Sun 4:05 pm @ TB
Sep 16,Julian Neal,42721,Sea,CB,,FA,Off Injured Reserve,Sun 1:00 pm @ Was
Sep 16,Will Kacmarek,42709,Mia,TE,,FA,Off Injured Reserve,Sun 1:00 pm vs KC
Sep 16,Zachariah Branch,42701,Atl,WR,,FA,Off Injured Reserve,Thu 8:15 pm @ GB
Sep 16,AJ Haulcy,42700,Ind,S,,FA,Off Injured Reserve,Sun 1:00 pm vs Hou
Sep 16,Oscar Delp,42695,NO,TE,,FA,Off Injured Reserve,Sun 4:25 pm vs LV
Sep 16,Romello Height,42692,SF,"LB,DE",Q,FA,Off Injured Reserve,Sun 4:05 pm vs Ari
Sep 16,Eli Stowers,42676,Phi,TE,IR,FA,Off Injured Reserve,Mon 8:15 pm @ Chi
Sep 16,D'Angelo Ponds,42672,NYJ,CB,,FA,Off Injured Reserve,Sun 1:00 pm @ Det
Sep 16,Derrick Moore,42666,Det,DE,,FA,Off Injured Reserve,Sun 1:00 pm vs NYJ
Sep 16,R Mason Thomas,42662,KC,DE,,FA,Off Injured Reserve,Sun 1:00 pm @ Mia
Sep 16,Kayden McDonald,42658,Hou,DT,IR,FA,Off Injured Reserve,Sun 1:00 pm @ Ind
Sep 16,Keldric Faulk,42653,Ten,DE,,FA,Off Injured Reserve,Sun 1:00 pm @ NYG
Sep 16,Rueben Bain Jr.,42637,TB,"LB,DE",Q,FA,Off Injured Reserve,Sun 4:05 pm vs Min
Sep 16,Kenyon Sadiq,42638,NYJ,TE,,FA,Off Injured Reserve,Sun 1:00 pm @ Det
Sep 16,Jeremiyah Love,42625,Ari,RB,,Monday Night Madison,Off Injured Reserve,Sun 4:05 pm @ SF
Sep 16,Jacory Croskey-Merritt,42010,Was,RB,,Owl Out Blitz,Off Injured Reserve,Sun 1:00 pm vs Sea
Sep 16,LeQuint Allen Jr.,42007,Jax,RB,Q,FA,Off Injured Reserve,Sun 1:00 pm vs NE
Sep 16,RJ Mickens,41987,LAC,S,,FA,Off Injured Reserve,Sun 1:00 pm @ Buf
Sep 16,Warren Brinson,41984,GB,DT,O,FA,Off Injured Reserve,Thu 8:15 pm vs Atl
Sep 16,Tory Horton,41952,Sea,WR,,FA,Off Injured Reserve,Sun 1:00 pm @ Was
Sep 16,Dante Trader Jr.,41941,Mia,S,,FA,Off Injured Reserve,Sun 1:00 pm vs KC
Sep 16,Barryn Sorrell,41924,GB,DE,,FA,Off Injured Reserve,Thu 8:15 pm vs Atl
Sep 16,Billy Bowman Jr.,41911,Atl,S,Q,FA,Off Injured Reserve,Thu 8:15 pm @ GB
Sep 16,Teddye Buchanan,41908,Bal,LB,,FA,Off Injured Reserve,Sun 4:25 pm @ Dal
Sep 16,Upton Stout,41884,SF,CB,,FA,Off Injured Reserve,Sun 4:05 pm vs Ari
Sep 16,Ashton Gillotte,41886,KC,DE,,FA,Off Injured Reserve,Sun 1:00 pm @ Mia
Sep 16,Will Johnson,41832,Ari,CB,IR,FA,Off Injured Reserve,Sun 4:05 pm @ SF
Sep 16,Alfred Collins,41828,SF,DT,IR,FA,Off Injured Reserve,Sun 4:05 pm vs Ari
Sep 16,TreVeyon Henderson,41823,NE,RB,,Steel City,Off Injured Reserve,Sun 1:00 pm @ Jax
Sep 16,Carson Schwesinger,41818,Cle,LB,,FA,Off Injured Reserve,Sun 1:00 pm vs Car
Sep 16,Nick Emmanwori,41820,Sea,S,,FA,Off Injured Reserve,Sun 1:00 pm @ Was
Sep 16,Emeka Egbuka,41804,TB,WR,,Monday Night Madison,Off Injured Reserve,Sun 4:05 pm vs Min
Sep 16,Shemar Stewart,41802,Cin,DE,,FA,Off Injured Reserve,Sun 1:00 pm @ Pit
Sep 16,Ashton Jeanty,41791,LV,RB,,Max’s TD Bombers,Off Injured Reserve,Sun 4:25 pm @ NO
Sep 16,Thomas Harper,41146,Det,S,Q,FA,Off Injured Reserve,Sun 1:00 pm vs NYJ
Sep 16,Mekhi Wingo,41091,Det,DT,,FA,Off Injured Reserve,Sun 1:00 pm vs NYJ
Sep 16,Isaiah Davis,41031,NYJ,RB,,FA,Off Injured Reserve,Sun 1:00 pm @ Det
Sep 16,Audric Estime,41019,NO,RB,NA,FA,Off Injured Reserve,Sun 4:25 pm vs LV
Sep 16,Jordan Magee,41014,Was,LB,IR,FA,Off Injured Reserve,Sun 1:00 pm vs Sea
Sep 16,Theo Johnson,41003,NYG,TE,,FA,Off Injured Reserve,Sun 1:00 pm vs Ten
Sep 16,Dadrion Taylor-Demerson,40999,Ari,"DB,S",,FA,Off Injured Reserve,Sun 4:05 pm @ SF
Sep 16,AJ Barner,41001,Sea,TE,,FA,Off Injured Reserve,Sun 1:00 pm @ Was
Sep 16,Devontez Walker,40991,Bal,WR,,FA,Off Injured Reserve,Sun 4:25 pm @ Dal
Sep 16,Brandon Dorlus,40994,Atl,DE,,FA,Off Injured Reserve,Thu 8:15 pm @ GB
Sep 16,Cedric Gray,40988,Ten,LB,,FA,Off Injured Reserve,Sun 1:00 pm @ NYG
Sep 16,Ty'Ron Hopper,40972,GB,LB,,FA,Off Injured Reserve,Thu 8:15 pm vs Atl
Sep 16,Jalen McMillan,40954,TB,WR,,FA,Off Injured Reserve,Sun 4:05 pm vs Min
Sep 16,Ennis Rakestraw Jr.,40936,Det,"DB,CB",,FA,Off Injured Reserve,Sun 1:00 pm vs NYJ
Sep 16,Ben Sinnott,40931,Was,TE,,FA,Off Injured Reserve,Sun 1:00 pm vs Sea
Sep 16,Renardo Green,40928,SF,"DB,CB",,FA,Off Injured Reserve,Sun 4:05 pm vs Ari
Sep 16,Jonathon Brooks,40926,Car,RB,IR,Sunday Kevin,Off Injured Reserve,Sun 1:00 pm @ Cle
Sep 16,Cole Bishop,40912,Buf,S,,FA,On Injured Reserve,Sun 1:00 pm vs LAC
Sep 16,Rome Odunze,40901,Chi,WR,,JGrahnasaurs,Off Injured Reserve,Mon 8:15 pm vs Phi
Sep 16,Malik Nabers,40899,NYG,WR,Q,Sunday Kevin,Off Injured Reserve,Sun 1:00 pm vs Ten
Sep 16,Michael Penix Jr.,40889,Atl,QB,,FA,Off Injured Reserve,Thu 8:15 pm @ GB
Sep 16,Xavier Worthy,40877,KC,WR,,FA,Off Injured Reserve,Sun 1:00 pm @ Mia
Sep 16,Brock Bowers,40878,LV,TE,Q,Owl Out Blitz,Off Injured Reserve,Sun 4:25 pm @ NO
Sep 16,Sean Tucker,40742,TB,RB,,FA,Off Injured Reserve,Sun 4:05 pm vs Min
Sep 16,Emanuel Wilson,40707,Sea,RB,,FA,Off Injured Reserve,Sun 1:00 pm @ Was
Sep 16,Keaton Mitchell,40641,LAC,RB,,FA,Off Injured Reserve,Sun 1:00 pm @ Buf
Sep 16,Trevor Nowaske,40591,Det,LB,,FA,Off Injured Reserve,Sun 1:00 pm vs NYJ
Sep 16,Tyson Bagent,40504,Chi,QB,Q,FA,Off Injured Reserve,Mon 8:15 pm vs Phi
Sep 16,Ty Okada,40469,Sea,S,Q,FA,Off Injured Reserve,Sun 1:00 pm @ Was
Sep 16,Austin Ajiake,40297,Ind,LB,,FA,Off Injured Reserve,Sun 1:00 pm vs Hou
Sep 16,Chamarri Conner,40160,KC,"DB,S",Q,FA,Off Injured Reserve,Sun 1:00 pm @ Mia
Sep 16,Garrett Williams,40127,Ari,CB,Q,FA,Off Injured Reserve,Sun 4:05 pm @ SF
Sep 16,Byron Young,40124,LAR,LB,,FA,Off Injured Reserve,Sun 8:20 pm @ Den
Sep 16,Marvin Mims Jr.,40090,Den,WR,Q,FA,Off Injured Reserve,Sun 8:20 pm vs LAR
Sep 16,Joey Porter Jr.,40089,Pit,CB,Q,FA,Off Injured Reserve,Sun 1:00 pm vs Cin
Sep 16,Rashee Rice,40084,KC,WR,,Locked In Michelle,Off Injured Reserve,Sun 1:00 pm @ Mia
Sep 16,DJ Turner II,40076,Cin,CB,,FA,Off Injured Reserve,Sun 1:00 pm @ Pit
Sep 16,Tuli Tuipulotu,40077,LAC,"LB,DE",Q,FA,Off Injured Reserve,Sun 1:00 pm @ Buf
Sep 16,Luke Schoonmaker,40061,Dal,TE,,FA,Off Injured Reserve,Sun 4:25 pm vs Bal
Sep 16,Anthony Richardson Sr.,40040,Ind,QB,,FA,Off Injured Reserve,Sun 1:00 pm vs Hou
Sep 16,Zay Flowers,40039,Bal,WR,Q,Jason's Jazzy Team,Off Injured Reserve,Sun 4:25 pm @ Dal
Sep 16,Will Anderson Jr.,40031,Hou,DE,,FA,Off Injured Reserve,Sun 1:00 pm @ Ind
Sep 16,Malik Davis,34610,Dal,RB,IR,FA,Off Injured Reserve,Sun 4:25 pm vs Bal
Sep 16,Jack Cochrane,34432,KC,LB,,FA,Off Injured Reserve,Sun 1:00 pm @ Mia
Sep 16,Jaylen Watson,34199,LAR,CB,,FA,Off Injured Reserve,Sun 8:20 pm @ Den
Sep 16,Deane Leonard,34192,LAC,"DB,CB",,FA,Off Injured Reserve,Sun 1:00 pm @ Buf
Sep 16,Drew Ogletree,34148,Ind,TE,,FA,Off Injured Reserve,Sun 1:00 pm vs Hou
Sep 16,Terrel Bernard,34045,Buf,LB,,FA,On Injured Reserve,Sun 1:00 pm vs LAC
Sep 16,Alec Pierce,34008,Ind,WR,O,W (Sep 26),Off Injured Reserve,Sun 1:00 pm vs Hou
Sep 16,Breece Hall,33991,NYJ,RB,,Maybe Mitchell,Off Injured Reserve,Sun 1:00 pm @ Det
Sep 16,Devonte Wyatt,33983,GB,"DL,DT",,FA,Off Injured Reserve,Thu 8:15 pm vs Atl
Sep 16,Grant Stuard,33646,LAR,LB,,FA,Off Injured Reserve,Sun 8:20 pm @ Den
Sep 16,Kene Nwangwu,33507,NYJ,RB,Q,FA,Off Injured Reserve,Sun 1:00 pm @ Det
Sep 16,Bobby Brown III,33505,Car,"DT,DE",,FA,Off Injured Reserve,Sun 1:00 pm @ Cle
Sep 16,Patrick Jones II,33478,Car,LB,,FA,Off Injured Reserve,Sun 1:00 pm @ Cle
Sep 16,Joseph Ossai,33457,NYJ,DE,Q,FA,Off Injured Reserve,Sun 1:00 pm @ Det
Sep 16,Christian Barmore,33426,NE,"DL,DE",,FA,Off Injured Reserve,Sun 1:00 pm @ Jax
Sep 16,Odafe Oweh,33419,Was,LB,,FA,Off Injured Reserve,Sun 1:00 pm vs Sea
Sep 16,Ja'Marr Chase,33393,Cin,WR,,Steel City,Off Injured Reserve,Sun 1:00 pm @ Pit
Sep 16,Christian Rozeboom,33261,TB,LB,,FA,Off Injured Reserve,Sun 4:05 pm vs Min
Sep 16,L'Jarius Sneed,32808,KC,CB,Q,FA,Off Injured Reserve,Sun 1:00 pm @ Mia
Sep 16,Jonathan Greenard,32760,Phi,"LB,DE",Q,FA,Off Injured Reserve,Mon 8:15 pm @ Chi
Sep 16,Nnamdi Madubuike,32741,Bal,"DT,DE",,FA,Off Injured Reserve,Sun 4:25 pm @ Dal
Sep 16,Tee Higgins,32703,Cin,WR,,Jason's Jazzy Team,Off Injured Reserve,Sun 1:00 pm @ Pit
Sep 16,K'Lavon Chaisson,32690,Was,"LB,DE",,FA,Off Injured Reserve,Sun 1:00 pm vs Sea
Sep 16,Javon Kinlaw,32684,Was,DT,Q,FA,Off Injured Reserve,Sun 1:00 pm vs Sea
Sep 16,Tua Tagovailoa,32675,Atl,QB,,FA,Off Injured Reserve,Thu 8:15 pm @ GB
Sep 16,Jakobi Meyers,32231,Jax,WR,Q,Locked In Michelle,Off Injured Reserve,Sun 1:00 pm vs NE
Sep 16,Luke Gifford,32205,SF,LB,,FA,Off Injured Reserve,Sun 4:05 pm vs Ari
Sep 16,Charles Omenihu,31993,Was,DE,Q,FA,Off Injured Reserve,Sun 1:00 pm vs Sea
Sep 16,Dre Greenlaw,31980,SF,LB,,FA,Off Injured Reserve,Sun 4:05 pm vs Ari
Sep 16,Dexter Lawrence II,31849,Cin,"DL,DT",,FA,Off Injured Reserve,Sun 1:00 pm @ Pit
Sep 16,Nick Bosa,31834,SF,"DL,DE",,FA,Off Injured Reserve,Sun 4:05 pm vs Ari
Sep 16,Charvarius Ward,31293,Ind,CB,Q,FA,Off Injured Reserve,Sun 1:00 pm vs Hou
Sep 16,D.J. Reed,31112,Det,CB,,FA,On Injured Reserve,Sun 1:00 pm vs NYJ
Sep 16,Josh Sweat,31101,Ari,"LB,DE",,FA,Off Injured Reserve,Sun 4:05 pm @ SF
Sep 16,Da'Shawn Hand,31084,Atl,"DT,DE",IR,FA,Off Injured Reserve,Thu 8:15 pm @ GB
Sep 16,Ronnie Harrison Jr.,31063,Mia,"DB,LB,S",IR,FA,Off Injured Reserve,Sun 1:00 pm vs KC
Sep 16,B.J. Hill,31039,Cin,DT,Q,FA,Off Injured Reserve,Sun 1:00 pm @ Pit
Sep 16,Daron Payne,30983,Was,DT,,FA,Off Injured Reserve,Sun 1:00 pm vs Sea
Sep 16,Bradley Chubb,30975,Buf,LB,,FA,On Injured Reserve,Sun 1:00 pm vs LAC
Sep 16,Patrick Ricard,30592,NYG,RB,,FA,Off Injured Reserve,Sun 1:00 pm vs Ten
Sep 16,Tim Patrick,30511,NYJ,WR,IR,FA,Off Injured Reserve,Sun 1:00 pm @ Det
Sep 16,Davon Godchaux,30291,NO,"DL,DT",,FA,Off Injured Reserve,Sun 4:25 pm vs LV
Sep 16,Xavier Woods,30304,Chi,S,,FA,Off Injured Reserve,Mon 8:15 pm vs Phi
Sep 16,George Kittle,30259,SF,TE,,Owl Out Blitz,Off Injured Reserve,Sun 4:05 pm vs Ari
Sep 16,Grover Stewart,30257,Ind,DT,,FA,Off Injured Reserve,Sun 1:00 pm vs Hou
Sep 16,Alvin Kamara,30180,NO,RB,,FA,Off Injured Reserve,Sun 4:25 pm vs LV
Sep 16,Jonathan Allen,30130,Cin,DT,Q,FA,Off Injured Reserve,Sun 1:00 pm @ Pit
Sep 16,Patrick Mahomes,30123,KC,QB,,JGrahnasaurs,Off Injured Reserve,Sun 1:00 pm @ Mia
Sep 16,Myles Garrett,30114,LAR,"LB,DE",IR,FA,Off Injured Reserve,Sun 8:20 pm @ Den
Sep 16,Tyler Higbee,29344,LAR,TE,,FA,Off Injured Reserve,Sun 8:20 pm @ Den
Sep 16,Javon Hargrave,29323,GB,"DL,DT",Q,FA,Off Injured Reserve,Thu 8:15 pm vs Atl
Sep 16,Maliek Collins,29301,Cle,DT,,FA,Off Injured Reserve,Sun 1:00 pm vs Car
Sep 16,Jonathan Bullard,29306,Dal,"DL,DT,DE",,FA,Off Injured Reserve,Sun 4:25 pm vs Bal
Sep 16,Chris Jones,29271,KC,DT,Q,FA,Off Injured Reserve,Sun 1:00 pm @ Mia
Sep 16,DeForest Buckner,29241,Ind,DT,,FA,Off Injured Reserve,Sun 1:00 pm vs Hou
Sep 16,Za'Darius Smith,28510,Atl,"LB,DE",,FA,Off Injured Reserve,Thu 8:15 pm @ GB
Sep 16,Grady Jarrett,28525,Chi,"DL,DE",,FA,Off Injured Reserve,Mon 8:15 pm vs Phi
Sep 16,Marcus Mariota,28390,Was,QB,,FA,Off Injured Reserve,Sun 1:00 pm vs Sea
Sep 16,Shelby Harris,27763,NYG,DT,Q,FA,Off Injured Reserve,Sun 1:00 pm vs Ten
Sep 16,Aaron Donald,27541,LAR,"DT,DE",,FA,Off Injured Reserve,Sun 8:20 pm @ Den
Sep 16,Khalil Mack,27533,LAC,"LB,DE",,FA,Off Injured Reserve,Sun 1:00 pm @ Buf
Sep 16,Kyle Juszczyk,26753,SF,RB,,FA,Off Injured Reserve,Sun 4:05 pm vs Ari
Sep 16,Harrison Smith,25739,Min,S,,FA,Off Injured Reserve,Sun 4:05 pm @ TB
Sep 16,Cameron Jordan,24811,NO,DE,,FA,Off Injured Reserve,Sun 4:25 pm vs LV
Sep 16,Calais Campbell,8827,Bal,"DT,DE",,FA,Off Injured Reserve,Sun 4:25 pm @ Dal
Sep 12,Austin Ajiake,40297,Ind,LB,,FA,On Injured Reserve,Sun 1:00 pm vs Hou
Sep 12,Malik Davis,34610,Dal,RB,IR,FA,On Injured Reserve,Sun 4:25 pm vs Bal
Sep 12,Kene Nwangwu,33507,NYJ,RB,Q,FA,On Injured Reserve,Sun 1:00 pm @ Det
Sep 12,Charvarius Ward,31293,Ind,CB,Q,FA,On Injured Reserve,Sun 1:00 pm vs Hou
Sep 12,Patrick Ricard,30592,NYG,RB,,FA,On Injured Reserve,Sun 1:00 pm vs Ten
Sep 12,Chris Jones,29271,KC,DT,Q,FA,On Injured Reserve,Sun 1:00 pm @ Mia
Sep 12,DeForest Buckner,29241,Ind,DT,,FA,On Injured Reserve,Sun 1:00 pm vs Hou
Sep 12,Harrison Smith,25739,Min,S,,FA,On Injured Reserve,Sun 4:05 pm @ TB
Sep 11,Dante Trader Jr.,41941,Mia,S,,FA,On Injured Reserve,Sun 1:00 pm vs KC
Sep 11,Dexter Lawrence II,31849,Cin,"DL,DT",,FA,On Injured Reserve,Sun 1:00 pm @ Pit
Sep 11,Calais Campbell,8827,Bal,"DT,DE",,FA,On Injured Reserve,Sun 4:25 pm @ Dal
Sep 11,Anthony Richardson Sr.,40040,Ind,QB,,FA,On Injured Reserve,Sun 1:00 pm vs Hou
Sep 11,L'Jarius Sneed,32808,KC,CB,Q,FA,On Injured Reserve,Sun 1:00 pm @ Mia
Sep 11,Javon Kinlaw,32684,Was,DT,Q,FA,On Injured Reserve,Sun 1:00 pm vs Sea
Sep 11,Daron Payne,30983,Was,DT,,FA,On Injured Reserve,Sun 1:00 pm vs Sea
Sep 11,Grover Stewart,30257,Ind,DT,,FA,On Injured Reserve,Sun 1:00 pm vs Hou
Sep 11,Patrick Mahomes,30123,KC,QB,,JGrahnasaurs,On Injured Reserve,Sun 1:00 pm @ Mia
Sep 10,Kendal Daniels,42756,Atl,LB,,FA,On Injured Reserve,Thu 8:15 pm @ GB
Sep 10,R Mason Thomas,42662,KC,DE,,FA,On Injured Reserve,Sun 1:00 pm @ Mia
Sep 10,Ashton Gillotte,41886,KC,DE,,FA,On Injured Reserve,Sun 1:00 pm @ Mia
Sep 10,Xavier Worthy,40877,KC,WR,,FA,On Injured Reserve,Sun 1:00 pm @ Mia
Sep 10,Chamarri Conner,40160,KC,"DB,S",Q,FA,On Injured Reserve,Sun 1:00 pm @ Mia
Sep 10,Marvin Mims Jr.,40090,Den,WR,Q,FA,On Injured Reserve,Sun 8:20 pm vs LAR
Sep 10,Rashee Rice,40084,KC,WR,,Locked In Michelle,On Injured Reserve,Sun 1:00 pm @ Mia
Sep 10,DJ Turner II,40076,Cin,CB,,FA,On Injured Reserve,Sun 1:00 pm @ Pit
Sep 10,Luke Schoonmaker,40061,Dal,TE,,FA,On Injured Reserve,Sun 4:25 pm vs Bal
Sep 10,Will Anderson Jr.,40031,Hou,DE,,FA,On Injured Reserve,Sun 1:00 pm @ Ind
Sep 10,Jack Cochrane,34432,KC,LB,,FA,On Injured Reserve,Sun 1:00 pm @ Mia
Sep 10,Tua Tagovailoa,32675,Atl,QB,,FA,On Injured Reserve,Thu 8:15 pm @ GB
Sep 10,Da'Shawn Hand,31084,Atl,"DT,DE",IR,FA,On Injured Reserve,Thu 8:15 pm @ GB
Sep 10,B.J. Hill,31039,Cin,DT,Q,FA,On Injured Reserve,Sun 1:00 pm @ Pit
Sep 10,Davon Godchaux,30291,NO,"DL,DT",,FA,On Injured Reserve,Sun 4:25 pm vs LV
Sep 10,Xavier Woods,30304,Chi,S,,FA,On Injured Reserve,Mon 8:15 pm vs Phi
Sep 10,Jonathan Allen,30130,Cin,DT,Q,FA,On Injured Reserve,Sun 1:00 pm @ Pit
Sep 10,Grady Jarrett,28525,Chi,"DL,DE",,FA,On Injured Reserve,Mon 8:15 pm vs Phi
Sep 10,James Thompson Jr.,42968,SF,DE,D,FA,On Injured Reserve,Sun 4:05 pm vs Ari
Sep 10,Gracen Halton,42729,SF,"DT,DE",,FA,On Injured Reserve,Sun 4:05 pm vs Ari
Sep 10,Romello Height,42692,SF,"LB,DE",Q,FA,On Injured Reserve,Sun 4:05 pm vs Ari
Sep 10,Upton Stout,41884,SF,CB,,FA,On Injured Reserve,Sun 4:05 pm vs Ari
Sep 10,Alfred Collins,41828,SF,DT,IR,FA,On Injured Reserve,Sun 4:05 pm vs Ari
Sep 10,Renardo Green,40928,SF,"DB,CB",,FA,On Injured Reserve,Sun 4:05 pm vs Ari
Sep 10,Luke Gifford,32205,SF,LB,,FA,On Injured Reserve,Sun 4:05 pm vs Ari
Sep 10,Dre Greenlaw,31980,SF,LB,,FA,On Injured Reserve,Sun 4:05 pm vs Ari
Sep 10,Nick Bosa,31834,SF,"DL,DE",,FA,On Injured Reserve,Sun 4:05 pm vs Ari
Sep 10,George Kittle,30259,SF,TE,,Owl Out Blitz,On Injured Reserve,Sun 4:05 pm vs Ari
Sep 10,Kyle Juszczyk,26753,SF,RB,,FA,On Injured Reserve,Sun 4:05 pm vs Ari
Sep 10,Seydou Traore,42790,Mia,TE,,FA,On Injured Reserve,Sun 1:00 pm vs KC
Sep 10,Will Kacmarek,42709,Mia,TE,,FA,On Injured Reserve,Sun 1:00 pm vs KC
Sep 10,Eli Stowers,42676,Phi,TE,IR,FA,On Injured Reserve,Mon 8:15 pm @ Chi
Sep 10,D'Angelo Ponds,42672,NYJ,CB,,FA,On Injured Reserve,Sun 1:00 pm @ Det
Sep 10,Keldric Faulk,42653,Ten,DE,,FA,On Injured Reserve,Sun 1:00 pm @ NYG
Sep 10,Kenyon Sadiq,42638,NYJ,TE,,FA,On Injured Reserve,Sun 1:00 pm @ Det
Sep 10,Jeremiyah Love,42625,Ari,RB,,Monday Night Madison,On Injured Reserve,Sun 4:05 pm @ SF
Sep 10,LeQuint Allen Jr.,42007,Jax,RB,Q,FA,On Injured Reserve,Sun 1:00 pm vs NE
Sep 10,Jordan Hancock,41956,Buf,"S,CB",Q,FA,On Injured Reserve,Sun 1:00 pm vs LAC
Sep 10,Will Johnson,41832,Ari,CB,IR,FA,On Injured Reserve,Sun 4:05 pm @ SF
Sep 10,T.J. Sanders,41826,Buf,DT,Q,FA,On Injured Reserve,Sun 1:00 pm vs LAC
Sep 10,Ashton Jeanty,41791,LV,RB,,Max’s TD Bombers,On Injured Reserve,Sun 4:25 pm @ NO
Sep 10,Isaiah Davis,41031,NYJ,RB,,FA,On Injured Reserve,Sun 1:00 pm @ Det
Sep 10,Dadrion Taylor-Demerson,40999,Ari,"DB,S",,FA,On Injured Reserve,Sun 4:05 pm @ SF
Sep 10,Cedric Gray,40988,Ten,LB,,FA,On Injured Reserve,Sun 1:00 pm @ NYG
Sep 10,Jonathon Brooks,40926,Car,RB,IR,Sunday Kevin,On Injured Reserve,Sun 1:00 pm @ Cle
Sep 10,Brock Bowers,40878,LV,TE,Q,Owl Out Blitz,On Injured Reserve,Sun 4:25 pm @ NO
Sep 10,Tyson Bagent,40504,Chi,QB,Q,FA,On Injured Reserve,Mon 8:15 pm vs Phi
Sep 10,Garrett Williams,40127,Ari,CB,Q,FA,On Injured Reserve,Sun 4:05 pm @ SF
Sep 10,Joey Porter Jr.,40089,Pit,CB,Q,FA,On Injured Reserve,Sun 1:00 pm vs Cin
Sep 10,Breece Hall,33991,NYJ,RB,,Maybe Mitchell,On Injured Reserve,Sun 1:00 pm @ Det
Sep 10,Bobby Brown III,33505,Car,"DT,DE",,FA,On Injured Reserve,Sun 1:00 pm @ Cle
Sep 10,Patrick Jones II,33478,Car,LB,,FA,On Injured Reserve,Sun 1:00 pm @ Cle
Sep 10,Joseph Ossai,33457,NYJ,DE,Q,FA,On Injured Reserve,Sun 1:00 pm @ Det
Sep 10,Christian Rozeboom,33261,TB,LB,,FA,On Injured Reserve,Sun 4:05 pm vs Min
Sep 10,Jonathan Greenard,32760,Phi,"LB,DE",Q,FA,On Injured Reserve,Mon 8:15 pm @ Chi
Sep 10,Tee Higgins,32703,Cin,WR,,Jason's Jazzy Team,On Injured Reserve,Sun 1:00 pm @ Pit
Sep 10,K'Lavon Chaisson,32690,Was,"LB,DE",,FA,On Injured Reserve,Sun 1:00 pm vs Sea
Sep 10,Jakobi Meyers,32231,Jax,WR,Q,Locked In Michelle,On Injured Reserve,Sun 1:00 pm vs NE
Sep 10,Ty Johnson,32018,Buf,RB,,FA,On Injured Reserve,Sun 1:00 pm vs LAC
Sep 10,Charles Omenihu,31993,Was,DE,Q,FA,On Injured Reserve,Sun 1:00 pm vs Sea
Sep 10,Josh Sweat,31101,Ari,"LB,DE",,FA,On Injured Reserve,Sun 4:05 pm @ SF
Sep 10,Ronnie Harrison Jr.,31063,Mia,"DB,LB,S",IR,FA,On Injured Reserve,Sun 1:00 pm vs KC
Sep 10,Tim Patrick,30511,NYJ,WR,IR,FA,On Injured Reserve,Sun 1:00 pm @ Det
Sep 10,Alvin Kamara,30180,NO,RB,,FA,On Injured Reserve,Sun 4:25 pm vs LV
Sep 10,Javon Hargrave,29323,GB,"DL,DT",Q,FA,On Injured Reserve,Thu 8:15 pm vs Atl
Sep 10,Maliek Collins,29301,Cle,DT,,FA,On Injured Reserve,Sun 1:00 pm vs Car
Sep 10,Jonathan Bullard,29306,Dal,"DL,DT,DE",,FA,On Injured Reserve,Sun 4:25 pm vs Bal
Sep 10,Za'Darius Smith,28510,Atl,"LB,DE",,FA,On Injured Reserve,Thu 8:15 pm @ GB
Sep 10,Marcus Mariota,28390,Was,QB,,FA,On Injured Reserve,Sun 1:00 pm vs Sea
Sep 10,Khalil Mack,27533,LAC,"LB,DE",,FA,On Injured Reserve,Sun 1:00 pm @ Buf
Sep 10,Cameron Jordan,24811,NO,DE,,FA,On Injured Reserve,Sun 4:25 pm vs LV
Sep 9,Jacob Thomas,42920,Min,S,,FA,On Injured Reserve,Sun 4:05 pm @ TB
Sep 9,Keith Abney II,42771,Det,CB,,FA,On Injured Reserve,Sun 1:00 pm vs NYJ
Sep 9,Wade Woodaz,42745,Hou,LB,,FA,On Injured Reserve,Sun 1:00 pm @ Ind
Sep 9,Jimmy Rolder,42740,Det,LB,,FA,On Injured Reserve,Sun 1:00 pm vs NYJ
Sep 9,Brenen Thompson,42727,LAC,WR,Q,FA,On Injured Reserve,Sun 1:00 pm @ Buf
Sep 9,Jakobe Thomas,42720,Min,S,,FA,On Injured Reserve,Sun 4:05 pm @ TB
Sep 9,AJ Haulcy,42700,Ind,S,,FA,On Injured Reserve,Sun 1:00 pm vs Hou
Sep 9,Zachariah Branch,42701,Atl,WR,,FA,On Injured Reserve,Thu 8:15 pm @ GB
Sep 9,Oscar Delp,42695,NO,TE,,FA,On Injured Reserve,Sun 4:25 pm vs LV
Sep 9,Derrick Moore,42666,Det,DE,,FA,On Injured Reserve,Sun 1:00 pm vs NYJ
Sep 9,Kayden McDonald,42658,Hou,DT,IR,FA,On Injured Reserve,Sun 1:00 pm @ Ind
Sep 9,Rueben Bain Jr.,42637,TB,"LB,DE",Q,FA,On Injured Reserve,Sun 4:05 pm vs Min
Sep 9,Jacory Croskey-Merritt,42010,Was,RB,,Owl Out Blitz,On Injured Reserve,Sun 1:00 pm vs Sea
Sep 9,RJ Mickens,41987,LAC,S,,FA,On Injured Reserve,Sun 1:00 pm @ Buf
Sep 9,Warren Brinson,41984,GB,DT,O,FA,On Injured Reserve,Thu 8:15 pm vs Atl
Sep 9,Barryn Sorrell,41924,GB,DE,,FA,On Injured Reserve,Thu 8:15 pm vs Atl
Sep 9,Teddye Buchanan,41908,Bal,LB,,FA,On Injured Reserve,Sun 4:25 pm @ Dal
Sep 9,Billy Bowman Jr.,41911,Atl,S,Q,FA,On Injured Reserve,Thu 8:15 pm @ GB
Sep 9,Carson Schwesinger,41818,Cle,LB,,FA,On Injured Reserve,Sun 1:00 pm vs Car
Sep 9,Shemar Stewart,41802,Cin,DE,,FA,On Injured Reserve,Sun 1:00 pm @ Pit
Sep 9,Emeka Egbuka,41804,TB,WR,,Monday Night Madison,On Injured Reserve,Sun 4:05 pm vs Min
Sep 9,Thomas Harper,41146,Det,S,Q,FA,On Injured Reserve,Sun 1:00 pm vs NYJ
Sep 9,Mekhi Wingo,41091,Det,DT,,FA,On Injured Reserve,Sun 1:00 pm vs NYJ
Sep 9,Audric Estime,41019,NO,RB,NA,FA,On Injured Reserve,Sun 4:25 pm vs LV
Sep 9,Jordan Magee,41014,Was,LB,IR,FA,On Injured Reserve,Sun 1:00 pm vs Sea
Sep 9,Theo Johnson,41003,NYG,TE,,FA,On Injured Reserve,Sun 1:00 pm vs Ten
Sep 9,Brandon Dorlus,40994,Atl,DE,,FA,On Injured Reserve,Thu 8:15 pm @ GB
Sep 9,Devontez Walker,40991,Bal,WR,,FA,On Injured Reserve,Sun 4:25 pm @ Dal
Sep 9,Ty'Ron Hopper,40972,GB,LB,,FA,On Injured Reserve,Thu 8:15 pm vs Atl
Sep 9,Jalen McMillan,40954,TB,WR,,FA,On Injured Reserve,Sun 4:05 pm vs Min
Sep 9,Ennis Rakestraw Jr.,40936,Det,"DB,CB",,FA,On Injured Reserve,Sun 1:00 pm vs NYJ
Sep 9,Ben Sinnott,40931,Was,TE,,FA,On Injured Reserve,Sun 1:00 pm vs Sea
Sep 9,Malik Nabers,40899,NYG,WR,Q,Sunday Kevin,On Injured Reserve,Sun 1:00 pm vs Ten
Sep 9,Michael Penix Jr.,40889,Atl,QB,,FA,On Injured Reserve,Thu 8:15 pm @ GB
Sep 9,Sean Tucker,40742,TB,RB,,FA,On Injured Reserve,Sun 4:05 pm vs Min
Sep 9,Christian Izien,40681,Det,"S,CB",,FA,On Injured Reserve,Sun 1:00 pm vs NYJ
Sep 9,Keaton Mitchell,40641,LAC,RB,,FA,On Injured Reserve,Sun 1:00 pm @ Buf
Sep 9,Trevor Nowaske,40591,Det,LB,,FA,On Injured Reserve,Sun 1:00 pm vs NYJ
Sep 9,Tuli Tuipulotu,40077,LAC,"LB,DE",Q,FA,On Injured Reserve,Sun 1:00 pm @ Buf
Sep 9,Zay Flowers,40039,Bal,WR,Q,Jason's Jazzy Team,On Injured Reserve,Sun 4:25 pm @ Dal
Sep 9,Deane Leonard,34192,LAC,"DB,CB",,FA,On Injured Reserve,Sun 1:00 pm @ Buf
Sep 9,Drew Ogletree,34148,Ind,TE,,FA,On Injured Reserve,Sun 1:00 pm vs Hou
Sep 9,Alec Pierce,34008,Ind,WR,O,W (Sep 26),On Injured Reserve,Sun 1:00 pm vs Hou
Sep 9,Devonte Wyatt,33983,GB,"DL,DT",,FA,On Injured Reserve,Thu 8:15 pm vs Atl
Sep 9,Odafe Oweh,33419,Was,LB,,FA,On Injured Reserve,Sun 1:00 pm vs Sea
Sep 9,Ja'Marr Chase,33393,Cin,WR,,Steel City,On Injured Reserve,Sun 1:00 pm @ Pit
Sep 9,Nnamdi Madubuike,32741,Bal,"DT,DE",,FA,On Injured Reserve,Sun 4:25 pm @ Dal
Sep 9,Shelby Harris,27763,NYG,DT,Q,FA,On Injured Reserve,Sun 1:00 pm vs Ten
Sep 9,Byron Young,40124,LAR,LB,,FA,On Injured Reserve,Sun 8:20 pm @ Den
Sep 9,Jaylen Watson,34199,LAR,CB,,FA,On Injured Reserve,Sun 8:20 pm @ Den
Sep 9,Grant Stuard,33646,LAR,LB,,FA,On Injured Reserve,Sun 8:20 pm @ Den
Sep 9,Myles Garrett,30114,LAR,"LB,DE",IR,FA,On Injured Reserve,Sun 8:20 pm @ Den
Sep 9,Tyler Higbee,29344,LAR,TE,,FA,On Injured Reserve,Sun 8:20 pm @ Den
Sep 9,Aaron Donald,27541,LAR,"DT,DE",,FA,On Injured Reserve,Sun 8:20 pm @ Den
Sep 8,Rome Odunze,40901,Chi,WR,,JGrahnasaurs,On Injured Reserve,Mon 8:15 pm vs Phi
Sep 8,Julian Neal,42721,Sea,CB,,FA,On Injured Reserve,Sun 1:00 pm @ Was
Sep 8,Tory Horton,41952,Sea,WR,,FA,On Injured Reserve,Sun 1:00 pm @ Was
Sep 8,TreVeyon Henderson,41823,NE,RB,,Steel City,On Injured Reserve,Sun 1:00 pm @ Jax
Sep 8,Nick Emmanwori,41820,Sea,S,,FA,On Injured Reserve,Sun 1:00 pm @ Was
Sep 8,AJ Barner,41001,Sea,TE,,FA,On Injured Reserve,Sun 1:00 pm @ Was
Sep 8,Emanuel Wilson,40707,Sea,RB,,FA,On Injured Reserve,Sun 1:00 pm @ Was
Sep 8,Ty Okada,40469,Sea,S,Q,FA,On Injured Reserve,Sun 1:00 pm @ Was
Sep 8,Christian Barmore,33426,NE,"DL,DE",,FA,On Injured Reserve,Sun 1:00 pm @ Jax
