Player,Team,Position,Injury,Status,Updated,Depth Chart
Elijah Mitchell,KC,RB,Undisclosed,Q,Sep 12 5:16 PM,KC
Ty Chandler,NO,RB,Knee,IR,Sep 12 5:16 PM,NO
Skylar Thompson,Bal,QB,Undisclosed,IR,Sep 12 5:16 PM,Bal
Chris Oladokun,KC,QB,Undisclosed,Q,Sep 12 5:16 PM,KC
John FitzPatrick,GB,TE,Achilles,Q,Sep 12 5:16 PM,GB
Michael Woods II,Den,WR,Leg,Q,Sep 12 5:16 PM,Den
Grant Calcaterra,Phi,TE,Back,IR-R,Sep 12 5:16 PM,Phi
Joe Royer,Cle,TE,Personal,NFI-R,Sep 12 5:16 PM,Cle
Adam Randall,Bal,RB,Undisclosed,IR-R,Sep 12 5:16 PM,Bal
Isiah Pacheco,Det,RB,Back,IR,Sep 12 5:16 PM,Det
Jerome Ford,Was,RB,Hamstring,Q,Sep 12 5:16 PM,Was
Cole Turner,Mia,TE,Undisclosed,IR,Sep 12 5:16 PM,Mia
Calvin Austin III,NYG,WR,Knee,IR,Sep 12 5:16 PM,NYG
Kendrick Law,Det,WR,Knee - ACL,IR,Sep 12 5:16 PM,Det
Danny Gray,Phi,WR,Undisclosed,Q,Sep 12 5:16 PM,Phi
CJ Daniels,LAR,WR,Coach's Decision,NA,Sep 12 5:16 PM,LAR
Jaren Kanak,Ten,TE,Pectoral,IR,Sep 12 5:16 PM,Ten
Brittain Brown,Chi,RB,Undisclosed,IR,Sep 12 5:16 PM,Chi
Irv Charles,Sea,WR,Undisclosed,IR-R,Sep 12 5:16 PM,Sea
Jam Miller,NE,RB,Undisclosed,Q,Sep 12 5:16 PM,NE
Ty Simpson,LAR,QB,Coach's Decision,NA,Sep 12 5:16 PM,LAR
Carson Towt,Ind,TE,Undisclosed,IR,Sep 12 5:16 PM,Ind
Tank Dell,Hou,WR,Knee - ACL + MCL,IR-R,Sep 12 5:16 PM,Hou
Damien Alford,NO,WR,Undisclosed,Q,Sep 12 5:16 PM,NO
Jeremiyah LoveQ,Ari,RB,Ankle,Q,Sep 12 5:16 PM,Ari
Zach Charbonnet,Sea,RB,Knee - ACL,PUP-R,Sep 12 5:16 PM,Sea
Luke Musgrave,GB,TE,Neck,PUP-R,Sep 12 5:16 PM,GB
Jordyn Tyson,NO,WR,Hamstring,IR-R,Sep 12 5:16 PM,NO
De'Zhaun StriblingQ,SF,WR,Ankle,Q,Sep 12 5:16 PM,SF
Jake TongesQ,SF,TE,Knee,Q,Sep 12 5:16 PM,SF
Eli Stowers,Phi,TE,Hamstring,IR,Sep 12 5:16 PM,Phi
Raheem Blackshear,Det,RB,Undisclosed,Q,Sep 12 5:16 PM,Det
Malik Davis,Dal,RB,Hip,IR,Sep 12 5:16 PM,Dal
Dennis Houston,TB,WR,Groin,Q,Sep 12 5:16 PM,TB
Jalen Virgil,Ari,WR,Undisclosed,Q,Sep 12 5:16 PM,Ari
Oscar DelpO,NO,TE,Hamstring,O,Sep 12 5:16 PM,NO
Chris Brazzell II,Car,WR,Knee,IR,Sep 12 5:16 PM,Car
Behren Morton,NE,QB,Coach's Decision,NA,Sep 12 5:16 PM,NE
Nikola Kalinic,Chi,TE,Knee,IR,Sep 12 5:16 PM,Chi
Davis AllenQ,LAR,TE,Head,Q,Sep 12 5:16 PM,LAR
Gunner Olszewski,NYG,WR,Achilles,IR,Sep 12 5:16 PM,NYG
Gabe Davis,Buf,WR,Knee - ACL,Q,Sep 12 5:16 PM,Buf
Harrison Bryant,Hou,TE,Undisclosed,Q,Sep 12 5:16 PM,Hou
Antonio Gibson,NE,RB,Knee - ACL,Q,Sep 12 5:16 PM,NE
Miles Kitselman,Det,TE,Leg,Q,Sep 12 5:16 PM,Det
RJ Maryland,GB,TE,Hamstring,Q,Sep 12 5:16 PM,GB
Brandon Aiyuk,SF,WR,Knee - ACL + MCL,DNR,Sep 12 5:16 PM,SF
Tua TagovailoaO,Atl,QB,Oblique,O,Sep 12 5:16 PM,Atl
EJ Smith,KC,RB,Undisclosed,Q,Sep 12 5:16 PM,KC
Aaron Anderson,Cle,WR,Undisclosed,Q,Sep 12 5:16 PM,Cle
J. Michael Gyllenborg,KC,TE,Knee,IR,Sep 12 5:16 PM,KC
Chase Roberts,LV,WR,Undisclosed,Q,Sep 12 5:16 PM,LV
David Sills V,TB,WR,Undisclosed,IR-R,Sep 12 5:16 PM,TB
D.J. Montgomery,Ind,WR,Abdomen,IR,Sep 12 5:16 PM,Ind
Ty JohnsonQ,Buf,RB,Hamstring,Q,Sep 12 5:16 PM,Buf
DT Sheffield,NYJ,WR,Undisclosed,Q,Sep 12 5:16 PM,NYJ
Chase Curtis,NYJ,TE,Knee,Q,Sep 12 5:16 PM,NYJ
DJ Rogers,Dal,TE,Knee,IR,Sep 12 5:16 PM,Dal
Dominic Richardson,NYJ,RB,Undisclosed,Q,Sep 12 5:16 PM,NYJ
Jeff Caldwell,KC,WR,Knee,IR,Sep 12 5:16 PM,KC
Kene NwangwuO,NYJ,RB,Back,O,Sep 12 5:16 PM,NYJ
DJ Turner,LV,WR,Undisclosed,Q,Sep 12 5:16 PM,LV
Le'Veon Moss,Mia,RB,Undisclosed,RET,Sep 12 5:16 PM,Mia
Kenny Yeboah,Ari,TE,Hamstring,Q,Sep 12 5:16 PM,Ari
Jermar Jefferson,Min,RB,Undisclosed,Q,Sep 12 5:16 PM,Min
Max Klare,LAR,TE,Coach's Decision,NA,Sep 12 5:16 PM,LAR
Matthew Caldwell,LAR,QB,Undisclosed,IR,Sep 12 5:16 PM,LAR
Kejon Owens,Min,RB,Illness,Q,Sep 12 5:16 PM,Min
Sincere Brown,LAC,WR,Undisclosed,Q,Sep 12 5:16 PM,LAC
Hayden Large,Chi,TE,Undisclosed,IR,Sep 12 5:16 PM,Chi
Trey Sermon,Atl,RB,Undisclosed,IR,Sep 12 5:16 PM,Atl
Luke Wysong,Min,WR,Undisclosed,Q,Sep 12 5:16 PM,Min
Tutu Atwell,LAR,WR,Coach's Decision,NA,Sep 12 5:16 PM,LAR
Alex Bullock,Jax,WR,Undisclosed,RET,Sep 12 5:16 PM,Jax
Patrick Taylor Jr.,SF,RB,Undisclosed,Q,Sep 12 5:16 PM,SF
Sean McKeon,Ind,TE,Undisclosed,Q,Sep 12 5:16 PM,Ind
Dan Chisena,Car,WR,Undisclosed,Q,Sep 12 5:16 PM,Car
Dalevon Campbell,LAC,WR,Leg,Q,Sep 12 5:16 PM,LAC
Justin Shorter,LV,"WR,TE",Undisclosed,IR,Sep 12 5:16 PM,LV
Will Grier,Dal,QB,Personal,RET,Sep 12 5:16 PM,Dal
Xavier Weaver,Ari,WR,Hamstring,Q,Sep 12 5:16 PM,Ari
Kurtis Rourke,SF,QB,Coach's Decision,NA,Sep 12 5:16 PM,SF
Lawrence Keys,Buf,WR,Leg,Q,Sep 12 5:16 PM,Buf
Caleb Lohner,Den,TE,Lower Body,IR-R,Sep 12 5:16 PM,Den
Chris Collier,LV,RB,Undisclosed,IR,Sep 12 5:16 PM,LV
Luke Lachey,Hou,TE,Foot,Q,Sep 12 5:16 PM,Hou
