"player","pos","yteam","owner","proj","gsis_id"
"Seahawks","DEF","Sea","Locked In Michelle",7.91,NA
"49ers","DEF","SF","Dave’s Bone Crushers",7.05,NA
"Eagles","DEF","Phi","Monday Night Madison",6.96,NA
"Vikings","DEF","Min","Owl Out Blitz",6.7,NA
"Texans","DEF","Hou","Sunday Kevin",6.59,NA
"Steelers","DEF","Pit","Max’s TD Bombers",6.04,NA
"Buccaneers","DEF","TB","Steel City",5.85,NA
"Rams","DEF","LAR","Maybe Mitchell",5.76,NA
"Patriots","DEF","NE","JGrahnasaurs",5.55,NA
"Broncos","DEF","Den","Jason's Jazzy Team",5.32,NA
"Bears","DEF","Chi","Max’s TD Bombers",5.1,NA
"Ravens","DEF","Bal","W (Sep 26)",5.01,NA
"Eddy Pineiro","K","SF","Maybe Mitchell",8.87,"00-0034173"
"Tyler Loop","K","Bal","Owl Out Blitz",8.61,"00-0040074"
"Brandon Aubrey","K","Dal","Locked In Michelle",8.51,"00-0037692"
"Cam Little","K","Jax","Dave’s Bone Crushers",8.44,"00-0039409"
"Ka'imi Fairbairn","K","Hou","Max’s TD Bombers",8.4,"00-0032726"
"Jason Myers","K","Sea","Steel City",8.33,"00-0031492"
"Harrison Mevis","K","LAR","Monday Night Madison",8.31,"00-0039498"
"Will Reichard","K","Min","Sunday Kevin",8.02,"00-0039404"
"Chase McLaughlin","K","TB","JGrahnasaurs",7.7,"00-0035358"
"Cameron Dicker","K","LAC","Jason's Jazzy Team",7.59,"00-0037224"
"Josh Allen","QB","Buf","Dave’s Bone Crushers",23.89,"00-0034857"
"Lamar Jackson","QB","Bal","Maybe Mitchell",22.89,"00-0034796"
"Patrick Mahomes","QB","KC","JGrahnasaurs",20.9,"00-0033873"
"Brock Purdy","QB","SF","Dave’s Bone Crushers",20.56,"00-0037834"
"Dak Prescott","QB","Dal","Max’s TD Bombers",20.21,"00-0033077"
"Jared Goff","QB","Det","Jason's Jazzy Team",19.51,"00-0033106"
"Jalen Hurts","QB","Phi","Max’s TD Bombers",19,"00-0036389"
"Drake Maye","QB","NE","Jason's Jazzy Team",18.92,"00-0039851"
"Joe Burrow","QB","Cin","Locked In Michelle",18.92,"00-0036442"
"Trevor Lawrence","QB","Jax","Sunday Kevin",18.49,"00-0036971"
"Bo Nix","QB","Den","Steel City",17.6,"00-0039732"
"Jordan Love","QB","GB","Locked In Michelle",17.42,"00-0036264"
"Justin Herbert","QB","LAC","Sunday Kevin",17.38,"00-0036355"
"Baker Mayfield","QB","TB","Monday Night Madison",16.66,"00-0034855"
"Matthew Stafford","QB","LAR","JGrahnasaurs",16.65,"00-0026498"
"Bryce Young","QB","Car","Owl Out Blitz",16.38,"00-0039150"
"Sam Darnold","QB","Sea","Monday Night Madison",8.89,"00-0034869"
"Jaxson Dart","QB","NYG","W (Sep 25)",0,"00-0040691"
"Caleb Williams","QB","Chi","Owl Out Blitz",0,"00-0039918"
"Jayden Daniels","QB","Was","Steel City",0,"00-0039910"
"Jahmyr Gibbs","RB","Det","Locked In Michelle",21.28,"00-0039139"
"Christian McCaffrey","RB","SF","Jason's Jazzy Team",18.71,"00-0033280"
"Bijan Robinson","RB","Atl","Dave’s Bone Crushers",17.87,"00-0038542"
"Kenneth Walker III","RB","KC","Max’s TD Bombers",17.65,"00-0038134"
"Derrick Henry","RB","Bal","JGrahnasaurs",16.99,"00-0032764"
"Jonathan Taylor","RB","Ind","Max’s TD Bombers",16.34,"00-0036223"
"De'Von Achane","RB","Mia","Jason's Jazzy Team",15.57,"00-0039040"
"James Cook III","RB","Buf","Sunday Kevin",15.24,"00-0037248"
"Chase Brown","RB","Cin","Steel City",14.5,"00-0038597"
"Breece Hall","RB","NYJ","Maybe Mitchell",14.26,"00-0038120"
"Ashton Jeanty","RB","LV","Max’s TD Bombers",13.99,"00-0040122"
"Chuba Hubbard","RB","Car","Jason's Jazzy Team",13.7,"00-0036555"
"Saquon Barkley","RB","Phi","Monday Night Madison",13.64,"00-0034844"
"Omarion Hampton","RB","LAC","Monday Night Madison",13.37,"00-0040666"
"Javonte Williams","RB","Dal","JGrahnasaurs",13.32,"00-0036997"
"Cam Skattebo","RB","NYG","Locked In Michelle",12.91,"00-0040715"
"Bucky Irving","RB","TB","Sunday Kevin",12.35,"00-0039361"
"Quinshon Judkins","RB","Cle","Owl Out Blitz",12.3,"00-0040784"
"David Montgomery","RB","Hou","Maybe Mitchell",12.29,"00-0035685"
"Kyren Williams","RB","LAR","Locked In Michelle",11.97,"00-0037840"
"D'Andre Swift","RB","Chi","Owl Out Blitz",11.92,"00-0036275"
"Jeremiyah Love","RB","Ari","Monday Night Madison",11.68,"00-0041027"
"Jaylen Warren","RB","Pit","Dave’s Bone Crushers",11.65,"00-0037228"
"Aaron Jones Sr.","RB","Min","Locked In Michelle",11.44,"00-0033293"
"Jadarian Price","RB","Sea","Dave’s Bone Crushers",11.37,"00-0041512"
"TreVeyon Henderson","RB","NE","Steel City",10.42,"00-0040734"
"Bhayshul Tuten","RB","Jax","Steel City",9.79,"00-0040719"
"Travis Etienne Jr.","RB","NO","JGrahnasaurs",9.7,"00-0036973"
"Tony Pollard","RB","Ten","Maybe Mitchell",9.66,"00-0035261"
"Rico Dowdle","RB","Pit","W (Sep 26)",9.41,"00-0036139"
"Rhamondre Stevenson","RB","NE","Jason's Jazzy Team",9.04,"00-0036875"
"Jacory Croskey-Merritt","RB","Was","Owl Out Blitz",8.46,"00-0040242"
"RJ Harvey","RB","Den","Max’s TD Bombers",8.39,"00-0040730"
"MarShawn Lloyd","RB","GB","Steel City",8.27,"00-0039811"
"Blake Corum","RB","LAR","Maybe Mitchell",8.01,"00-0039738"
"Kyle Monangai","RB","Chi","Jason's Jazzy Team",7.63,"00-0040236"
"Woody Marks","RB","Hou","JGrahnasaurs",7.16,"00-0040583"
"Kenny Gainwell","RB","TB","JGrahnasaurs",6.74,"00-0036919"
"J.K. Dobbins","RB","Den","W (Sep 26)",5.59,"00-0036158"
"Tank Bigsby","RB","Phi","Monday Night Madison",3.33,"00-0038555"
"Jonathon Brooks","RB","Car","Sunday Kevin",0,"00-0039344"
"Jordan Mason","RB","Min","Locked In Michelle",0,"00-0037525"
"Trey McBride","TE","Ari","Maybe Mitchell",12.79,"00-0037744"
"Brock Bowers","TE","LV","Owl Out Blitz",11.24,"00-0039338"
"Dalton Kincaid","TE","Buf","Jason's Jazzy Team",9.94,"00-0038933"
"George Kittle","TE","SF","Owl Out Blitz",9.7,"00-0033288"
"Tucker Kraft","TE","GB","Max’s TD Bombers",9.49,"00-0038996"
"Sam LaPorta","TE","Det","Maybe Mitchell",9.41,"00-0039065"
"Travis Kelce","TE","KC","Sunday Kevin",9.38,"00-0030506"
"Tyler Warren","TE","Ind","Sunday Kevin",9.24,"00-0040128"
"Mark Andrews","TE","Bal","Dave’s Bone Crushers",9.17,"00-0034753"
"Hunter Henry","TE","NE","Monday Night Madison",8.62,"00-0033090"
"Dalton Schultz","TE","Hou","Jason's Jazzy Team",8.6,"00-0034383"
"Harold Fannin Jr.","TE","Cle","Locked In Michelle",8.42,"00-0040663"
"Isaiah Likely","TE","NYG","Max’s TD Bombers",8.16,"00-0037838"
"Colston Loveland","TE","Chi","Steel City",8.07,"00-0040126"
"Juwan Johnson","TE","NO","Steel City",8.01,"00-0036040"
"Jake Ferguson","TE","Dal","JGrahnasaurs",7.57,"00-0038041"
"Kyle Pitts Sr.","TE","Atl","Dave’s Bone Crushers",7.26,"00-0036970"
"Dallas Goedert","TE","Phi","Monday Night Madison",0,"00-0034351"
"Jaxon Smith-Njigba","WR","Sea","Maybe Mitchell",17.25,"00-0038543"
"Amon-Ra St. Brown","WR","Det","Sunday Kevin",16.86,"00-0036963"
"Ja'Marr Chase","WR","Cin","Steel City",16.34,"00-0036900"
"CeeDee Lamb","WR","Dal","Owl Out Blitz",15.51,"00-0036358"
"Chris Olave","WR","NO","Sunday Kevin",14.6,"00-0037239"
"Puka Nacua","WR","LAR","Owl Out Blitz",14.6,"00-0039075"
"Zay Flowers","WR","Bal","Jason's Jazzy Team",14.54,"00-0039064"
"Justin Jefferson","WR","Min","Maybe Mitchell",13.42,"00-0036322"
"George Pickens","WR","Dal","Locked In Michelle",13.37,"00-0037247"
"Nico Collins","WR","Hou","Steel City",13.29,"00-0036554"
"Christian Watson","WR","GB","Sunday Kevin",13.12,"00-0038124"
"Garrett Wilson","WR","NYJ","Steel City",12.62,"00-0037740"
"Tee Higgins","WR","Cin","Jason's Jazzy Team",12.62,"00-0036410"
"DeVonta Smith","WR","Phi","Max’s TD Bombers",12.6,"00-0036912"
"Parker Washington","WR","Jax","Max’s TD Bombers",12.13,"00-0038606"
"Drake London","WR","Atl","Dave’s Bone Crushers",11.96,"00-0037238"
"Jaylen Waddle","WR","Den","Owl Out Blitz",11.71,"00-0036613"
"Rashee Rice","WR","KC","Locked In Michelle",11.63,"00-0039067"
"Tetairoa McMillan","WR","Car","Dave’s Bone Crushers",11.58,"00-0040124"
"Mike Evans","WR","SF","Owl Out Blitz",11.3,"00-0031408"
"Malik Nabers","WR","NYG","Sunday Kevin",10.92,"00-0039337"
"Jameson Williams","WR","Det","Jason's Jazzy Team",10.82,"00-0037240"
"Jalen Coker","WR","Car","Dave’s Bone Crushers",10.54,"00-0039491"
"DK Metcalf","WR","Pit","Jason's Jazzy Team",10.3,"00-0035640"
"DJ Moore","WR","Buf","Dave’s Bone Crushers",10.16,"00-0034827"
"Josh Downs","WR","Ind","Dave’s Bone Crushers",9.96,"00-0038997"
"Davante Adams","WR","LAR","JGrahnasaurs",9.91,"00-0031381"
"Ladd McConkey","WR","LAC","Dave’s Bone Crushers",9.85,"00-0039915"
"Matthew Golden","WR","GB","Owl Out Blitz",9.49,"00-0040667"
"Emeka Egbuka","WR","TB","Monday Night Madison",9.37,"00-0040129"
"Deebo Samuel Sr.","WR","SF","Max’s TD Bombers",9.36,"00-0035719"
"Michael Wilson","WR","Ari","Maybe Mitchell",9.18,"00-0038559"
"Luther Burden III","WR","Chi","Max’s TD Bombers",9.1,"00-0040735"
"Romeo Doubs","WR","NE","Maybe Mitchell",8.97,"00-0037816"
"Courtland Sutton","WR","Den","JGrahnasaurs",8.82,"00-0034348"
"Quentin Johnston","WR","LAC","Sunday Kevin",8.52,"00-0038544"
"Terry McLaurin","WR","Was","Monday Night Madison",8.44,"00-0035659"
"KC Concepcion Jr.","WR","Cle","Steel City",8.42,"00-0041547"
"Chris Godwin Jr.","WR","TB","Steel City",7.95,"00-0033921"
"Michael Pittman Jr.","WR","Pit","Sunday Kevin",7.93,"00-0036252"
"Jordan Addison","WR","Min","W (Sep 26)",7.8,"00-0038994"
"Brian Thomas Jr.","WR","Jax","Owl Out Blitz",7.7,"00-0039893"
"Rome Odunze","WR","Chi","JGrahnasaurs",7.69,"00-0039919"
"Stefon Diggs","WR","Was","Monday Night Madison",7.55,"00-0031588"
"Marvin Harrison Jr.","WR","Ari","Locked In Michelle",7.37,"00-0039849"
"Dontayvion Wicks","WR","Phi","Monday Night Madison",7.37,"00-0038393"
"Wan'Dale Robinson","WR","Ten","JGrahnasaurs",7.28,"00-0038117"
"Jakobi Meyers","WR","Jax","Locked In Michelle",7.21,"00-0034960"
"Rashid Shaheed","WR","Sea","Maybe Mitchell",6.89,"00-0037545"
"Kalif Raymond","WR","Chi","JGrahnasaurs",4.94,"00-0032464"
"De'Zhaun Stribling","WR","SF","Maybe Mitchell",0,"00-0041035"
"Alec Pierce","WR","Ind","W (Sep 26)",0,"00-0037664"
"Jayden Reed","WR","GB","Locked In Michelle",0,"00-0039146"
"A.J. Brown","WR","NE","Monday Night Madison",0,"00-0035676"
