"gsis_id","player","pos","team","g","opp_tot","opp_pg","tgt_tot","car_tot","tgt_share","car_share","snap_pct","fp_tot","fp_pg","yds","td","opp_trend","fp_per_opp","opp_pctl","eff_rel","profile"
"00-0038134","Kenneth Walker III","RB","KC",2,63,31.5,16,47,0.236279069767442,0.731203007518797,0.75,53.4,26.7,369,2,5,0.847619047619048,1,1.34893569597682,"hold volume + results"
"00-0039139","Jahmyr Gibbs","RB","DET",2,58,29,13,45,0.169365721997301,0.839393939393939,0.785,51.4,25.7,299,3,-10,0.886206896551724,0.990654205607477,1.41034598047015,"hold volume + results"
"00-0040122","Ashton Jeanty","RB","LV",2,57,28.5,13,44,0.224137931034483,0.694444444444444,0.775,38,19,210,2,-1,0.666666666666667,0.981308411214953,1.06096065975705,"hold volume + results"
"00-0036223","Jonathan Taylor","RB","IND",2,51,25.5,8,43,0.135632183908046,0.85,0.915,50.8,25.4,253,4,5,0.996078431372549,0.962616822429907,1.58520004457818,"hold volume + results"
"00-0038542","Bijan Robinson","RB","ATL",2,51,25.5,14,37,0.3276740237691,0.588709677419355,0.64,36.9,18.45,254,1,-11,0.723529411764706,0.962616822429907,1.15145436308927,"hold volume + results"
"00-0038597","Chase Brown","RB","CIN",2,47,23.5,11,36,0.16888045540797,0.731078904991948,0.71,26,13,160,1,3,0.553191489361702,0.953271028037383,0.880371611287764,"hold volume + results"
"00-0038120","Breece Hall","RB","NYJ",2,45,22.5,7,38,0.11292270531401,0.578347578347578,0.615,30.5,15.25,210,1,-3,0.677777777777778,0.94392523364486,1.07864333741967,"hold volume + results"
"00-0032764","Derrick Henry","RB","BAL",2,44,22,4,40,0.0725574712643678,0.687960687960688,0.535,51,25.5,250,4,-6,1.15909090909091,0.934579439252336,1.84462478344123,"hold volume + results"
"00-0039040","De'Von Achane","RB","MIA",2,42,21,11,31,0.223027375201288,0.662698412698413,0.81,19.4,9.7,159,0,10,0.461904761904762,0.925233644859813,0.735094171403098,"BUY  volume, results lagging"
"00-0037248","James Cook","RB","BUF",2,41,20.5,7,34,0.125,0.601190476190476,0.73,28.8,14.4,208,1,7,0.702439024390244,0.91588785046729,1.11789025613426,"hold volume + results"
"00-0036275","D'Andre Swift","RB","CHI",2,40,20,6,34,0.102564102564103,0.488833746898263,0.625,42.3,21.15,233,3,2,1.0575,0.906542056074766,1.68294884653962,"hold volume + results"
"00-0040666","Omarion Hampton","RB","LAC",2,37,18.5,2,35,0.0384615384615385,0.645089285714286,0.605,24.8,12.4,158,2,13,0.67027027027027,0.897196261682243,1.06669558224222,"hold volume + results"
"00-0033293","Aaron Jones","RB","MIN",2,36,18,1,35,0.0217391304347826,0.58718487394958,0.635,20.5,10.25,145,1,10,0.569444444444444,0.878504672897196,0.906237230209146,"hold volume + results"
"00-0039361","Bucky Irving","RB","TB",2,36,18,11,25,0.19023569023569,0.54,0.695,27.8,13.9,183,1,6,0.772222222222222,0.878504672897196,1.22894609755192,"hold volume + results"
"00-0040715","Cam Skattebo","RB","NYG",2,34,17,4,30,0.0625,0.528957528957529,0.6,21.6,10.8,136,1,-2,0.635294117647059,0.869158878504673,1.01103309929789,"hold volume + results"
"00-0036997","Javonte Williams","RB","DAL",2,33,16.5,9,24,0.147849462365591,0.619047619047619,0.755,28.2,14.1,122,2,-1,0.854545454545455,0.85981308411215,1.3599586638704,"hold volume + results"
"00-0033280","Christian McCaffrey","RB","SF",2,32,16,12,20,0.226475279106858,0.351851851851852,0.535,31.9,15.95,154,2,-4,0.996875,0.831775700934579,1.58646773654296,"hold volume + results"
"00-0036875","Rhamondre Stevenson","RB","NE",2,32,16,8,24,0.144393241167435,0.397465437788018,0.605,15.1,7.55,141,0,-16,0.471875,0.831775700934579,0.750961216984286,"BUY  volume, results lagging"
"00-0040734","TreVeyon Henderson","RB","NE",1,16,16,0,16,0,0.571428571428571,0.6,13.6,13.6,76,1,NA,0.85,0.831775700934579,1.35272484119024,"hold volume + results"
"00-0035685","David Montgomery","RB","HOU",2,31,15.5,5,26,0.0605405405405405,0.479166666666667,0.505,30.8,15.4,103,3,-15,0.993548387096774,0.794392523364486,1.58117362841212,"-"
"00-0037228","Jaylen Warren","RB","PIT",2,31,15.5,10,21,0.135135135135135,0.477225672877847,0.54,16.5,8.25,150,0,-1,0.532258064516129,0.794392523364486,0.847057300935063,"-"
"00-0040719","Bhayshul Tuten","RB","JAX",2,31,15.5,3,28,0.0607142857142857,0.512768817204301,0.5,22.5,11.25,150,1,-1,0.725806451612903,0.794392523364486,1.15507813763872,"-"
"00-0040784","Quinshon Judkins","RB","CLE",2,31,15.5,7,24,0.128787878787879,0.533596837944664,0.66,13.3,6.65,98,0,3,0.429032258064516,0.794392523364486,0.682779521359778,"-"
"00-0033906","Alvin Kamara","RB","NO",1,15,15,6,9,0.1875,0.333333333333333,0.29,4.7,4.7,22,0,NA,0.313333333333333,0.766355140186916,0.498651510085813,"-"
"00-0037525","Jordan Mason","RB","MIN",1,15,15,0,15,0,0.441176470588235,0.45,11.9,11.9,59,1,NA,0.793333333333333,0.766355140186916,1.26254318511089,"-"
"00-0040242","Jacory Croskey-Merritt","RB","WAS",2,30,15,2,28,0.031947261663286,0.4375,0.43,17.4,8.7,104,1,-4,0.58,0.766355140186916,0.923035773988633,"-"
"00-0036973","Travis Etienne","RB","NO",2,28,14,11,17,0.117788461538462,0.328148148148148,0.565,17.4,8.7,109,0,-8,0.621428571428571,0.747663551401869,0.988966900702106,"-"
"00-0037840","Kyren Williams","RB","LA",2,28,14,5,23,0.0888888888888889,0.403940886699507,0.595,28.7,14.35,162,2,0,1.025,0.747663551401869,1.63122701437646,"-"
"00-0036555","Chuba Hubbard","RB","CAR",2,27,13.5,5,22,0.0753676470588235,0.5,0.68,35.6,17.8,151,3,1,1.31851851851852,0.719626168224299,2.09834441596394,"-"
"00-0036963","Amon-Ra St. Brown","WR","DET",2,27,13.5,27,0,0.350539811066127,0,0.925,54.4,27.2,209,4,-1,2.01481481481482,1,1.63162917518746,"hold volume + results"
"00-0041027","Jeremiyah Love","RB","ARI",2,27,13.5,7,20,0.111746361746362,0.426470588235294,0.415,18,9,95,1,-3,0.666666666666667,0.719626168224299,1.06096065975705,"-"
"00-0041512","Jadarian Price","RB","SEA",2,27,13.5,4,23,0.0801282051282051,0.389772727272727,0.41,11.3,5.65,118,0,3,0.418518518518519,0.719626168224299,0.666047525291925,"-"
"00-0037263","Tyler Allgeier","RB","ARI",2,26,13,4,22,0.0654885654885655,0.397058823529412,0.615,10.9,5.45,89,0,-12,0.419230769230769,0.710280373831776,0.667181030270298,"-"
"00-0035261","Tony Pollard","RB","TEN",2,24,12,3,21,0.0651260504201681,0.491379310344828,0.535,10.9,5.45,99,0,6,0.454166666666667,0.672897196261682,0.72277944945949,"-"
"00-0038797","Emanuel Wilson","RB","SEA",2,24,12,1,23,0.0192307692307692,0.307954545454545,0.235,9.5,4.75,95,0,20,0.395833333333333,0.672897196261682,0.629945391730748,"-"
"00-0040236","Kyle Monangai","RB","CHI",2,24,12,4,20,0.0717948717948718,0.289495450785773,0.385,26.2,13.1,182,1,0,1.09166666666667,0.672897196261682,1.73732308035217,"-"
"00-0040583","Woody Marks","RB","HOU",2,24,12,7,17,0.0735135135135135,0.362847222222222,0.495,10.5,5.25,75,0,4,0.4375,0.672897196261682,0.696255432965563,"-"
"00-0034844","Saquon Barkley","RB","PHI",2,23,11.5,4,19,0.0748663101604278,0.3625,0.435,11,5.5,100,0,-11,0.478260869565217,0.654205607476635,0.76112395156484,"-"
"00-0037239","Chris Olave","WR","NO",2,23,11.5,23,0,0.28125,0,0.85,41.8,20.9,268,1,-3,1.81739130434783,0.994117647058824,1.47175246732462,"hold volume + results"
"00-0037744","Trey McBride","TE","ARI",2,23,11.5,23,0,0.367983367983368,0,0.84,34.1,17.05,136,2,-3,1.48260869565217,1,1.02958937198068,"hold volume + results"
"00-0039738","Blake Corum","RB","LA",2,23,11.5,1,22,0.0166666666666667,0.386699507389163,0.34,15.1,7.55,146,0,3,0.656521739130435,0.654205607476635,1.04481560623901,"-"
"00-0034383","Dalton Schultz","TE","HOU",2,22,11,22,0,0.248108108108108,0,0.67,25.5,12.75,175,0,6,1.15909090909091,0.989010989010989,0.804924242424243,"BUY  volume, results lagging"
"00-0036139","Rico Dowdle","RB","PIT",2,22,11,7,15,0.0945945945945946,0.342650103519669,0.42,8.5,4.25,65,0,-4,0.386363636363636,0.607476635514019,0.614874927813744,"-"
"00-0036554","Nico Collins","WR","HOU",1,11,11,10,1,0.27027027027027,0.03125,0.72,17.7,17.7,82,1,NA,1.60909090909091,0.98235294117647,1.30306748466258,"hold volume + results"
"00-0037256","Rachaad White","RB","WAS",2,22,11,8,14,0.122718052738337,0.21875,0.465,15,7.5,110,0,4,0.681818181818182,0.607476635514019,1.08507340202425,"-"
"00-0037746","Brian Robinson","RB","ATL",2,22,11,2,20,0.032258064516129,0.317036290322581,NA,10.8,5.4,98,0,4,0.490909090909091,0.607476635514019,0.781252849457463,"-"
"00-0038543","Jaxon Smith-Njigba","WR","SEA",2,22,11,22,0,0.440705128205128,0,0.785,60.2,30.1,277,4,0,2.73636363636364,0.98235294117647,2.2159509202454,"hold volume + results"
"00-0039811","MarShawn Lloyd","RB","GB",2,22,11,3,19,0.0469827586206897,0.476190476190476,0.355,11.3,5.65,63,1,-6,0.513636363636364,0.607476635514019,0.817421962858272,"-"
"00-0041052","Kaelon Black","RB","SF",2,22,11,1,21,0.0151515151515152,0.362962962962963,0.38,10,5,95,0,-8,0.454545454545455,0.607476635514019,0.72338226801617,"-"
"00-0034857","Josh Allen","QB","BUF",2,20,10,0,20,0,0.337301587301587,1,76.48,38.24,92,4,8,3.824,1,1.0448087431694,"hold volume + results"
"00-0035640","DK Metcalf","WR","PIT",2,19,9.5,19,0,0.256756756756757,0,NA,10.7,5.35,67,0,-1,0.563157894736842,0.964705882352941,0.456054246044559,"BUY  volume, results lagging"
"00-0036912","DeVonta Smith","WR","PHI",2,19,9.5,19,0,0.327540106951872,0,0.915,29.5,14.75,170,1,7,1.55263157894737,0.964705882352941,1.25734581853407,"hold volume + results"
"00-0038124","Christian Watson","WR","GB",2,19,9.5,19,0,0.289655172413793,0,0.83,41.8,20.9,188,3,3,2.2,0.964705882352941,1.78159509202454,"hold volume + results"
"00-0036158","J.K. Dobbins","RB","DEN",2,18,9,0,18,0,0.445238095238095,0.385,7.2,3.6,72,0,2,0.4,0.588785046728972,0.636576395854229,"-"
"00-0036358","CeeDee Lamb","WR","DAL",2,18,9,17,1,0.278494623655914,0.0277777777777778,0.78,44.2,22.1,197,3,0,2.45555555555556,0.929411764705882,1.98854805725971,"hold volume + results"
"00-0037838","Isaiah Likely","TE","NYG",2,18,9,18,0,0.294181034482759,0,0.59,29.6,14.8,111,2,2,1.64444444444444,0.978021978021978,1.14197530864198,"hold volume + results"
"00-0038551","Kendre Miller","RB","NO",1,9,9,0,9,0,0.36,0.29,9,9,30,1,NA,1,0.588785046728972,1.59144098963557,"-"
"00-0038606","Parker Washington","WR","JAX",2,18,9,18,0,0.364285714285714,0,0.71,30.1,15.05,181,1,6,1.67222222222222,0.929411764705882,1.35419222903885,"hold volume + results"
"00-0039075","Puka Nacua","WR","LA",1,9,9,9,0,0.333333333333333,0,0.7,9.9,9.9,74,0,NA,1.1,0.929411764705882,0.89079754601227,"hold volume + results"
"00-0039491","Jalen Coker","WR","CAR",2,18,9,18,0,0.272977941176471,0,0.8,40.4,20.2,204,2,0,2.24444444444444,0.929411764705882,1.81758691206544,"hold volume + results"
"00-0040124","Tetairoa McMillan","WR","CAR",2,18,9,18,0,0.273897058823529,0,0.81,20.6,10.3,176,0,2,1.14444444444444,0.929411764705882,0.92678936605317,"hold volume + results"
"00-0040667","Matthew Golden","WR","GB",2,18,9,18,0,0.253448275862069,0,0.84,20.3,10.15,153,0,-6,1.12777777777778,0.929411764705882,0.913292433537832,"hold volume + results"
"00-0039794","Braelon Allen","RB","NYJ",2,17,8.5,2,15,0.0356280193236715,0.220797720797721,0.355,12,6,55,1,-5,0.705882352941177,0.579439252336449,1.12337011033099,"-"
"00-0030506","Travis Kelce","TE","KC",2,16,8,16,0,0.227906976744186,0,0.78,29.2,14.6,172,1,6,1.825,0.967032967032967,1.26736111111111,"hold volume + results"
"00-0031381","Davante Adams","WR","LA",2,16,8,16,0,0.277777777777778,0,0.595,39.6,19.8,221,2,4,2.475,0.905882352941176,2.00429447852761,"hold volume + results"
"00-0036410","Tee Higgins","WR","CIN",2,16,8,16,0,0.249525616698292,0,0.72,19.4,9.7,154,0,4,1.2125,0.905882352941176,0.981901840490797,"hold volume + results"
"00-0038555","Tank Bigsby","RB","PHI",2,16,8,2,14,0.0294117647058824,0.223125,0.225,11.1,5.55,41,1,14,0.69375,0.560747663551402,1.10406218655968,"-"
"00-0039032","Tyjae Spears","RB","TEN",2,16,8,6,10,0.130252100840336,0.227832512315271,0.43,11.4,5.7,94,0,2,0.7125,0.560747663551402,1.13390170511535,"-"
"00-0039424","Devaughn Vele","WR","NO",2,16,8,16,0,0.195913461538462,0,0.935,25.3,12.65,133,1,-2,1.58125,0.905882352941176,1.28052147239264,"hold volume + results"
"00-0041489","Germie Bernard","WR","PIT",1,8,8,8,0,0.216216216216216,0,0.79,5.5,5.5,35,0,NA,0.6875,0.905882352941176,0.556748466257669,"BUY  volume, results lagging"
"00-0031588","Stefon Diggs","WR","WAS",2,15,7.5,15,0,0.24340770791075,0,0.57,32.7,16.35,102,3,-3,2.18,0.876470588235294,1.76539877300614,"hold volume + results"
"00-0036322","Justin Jefferson","WR","MIN",2,15,7.5,15,0,0.353546910755149,0,0.96,34.2,17.1,147,2,-3,2.28,0.876470588235294,1.84638036809816,"hold volume + results"
"00-0038618","Xavier Hutchinson","WR","HOU",2,15,7.5,15,0,0.171081081081081,0,0.685,9.9,4.95,69,0,3,0.66,0.876470588235294,0.534478527607362,"BUY  volume, results lagging"
"00-0039065","Sam LaPorta","TE","DET",2,15,7.5,15,0,0.194669365721997,0,0.895,21.5,10.75,100,1,-1,1.43333333333333,0.956043956043956,0.99537037037037,"hold volume + results"
"00-0039890","Adonai Mitchell","WR","NYJ",2,15,7.5,15,0,0.231884057971014,0,0.755,16.8,8.4,123,0,9,1.12,0.876470588235294,0.906993865030675,"hold volume + results"
"00-0039918","Caleb Williams","QB","CHI",2,15,7.5,0,15,0,0.208850289495451,0.93,45.98,22.99,107,2,-5,3.06533333333333,0.976190476190476,0.83752276867031,"BUY  volume, results lagging"
"00-0041547","KC Concepcion","WR","CLE",2,15,7.5,11,4,0.213636363636364,0.0899209486166008,0.675,11,5.5,80,0,-1,0.733333333333333,0.876470588235294,0.593865030674847,"BUY  volume, results lagging"
"00-0032464","Kalif Raymond","WR","CHI",2,14,7,14,0,0.256410256410256,0,0.61,18.9,9.45,124,0,-4,1.35,0.847058823529412,1.09325153374233,"hold volume + results"
"00-0034829","Mike Gesicki","TE","CIN",1,7,7,7,0,0.205882352941176,0,0.33,16.3,16.3,78,1,NA,2.32857142857143,0.934065934065934,1.61706349206349,"hold volume + results"
"00-0035250","Devin Singletary","RB","NYG",2,14,7,5,9,0.0845905172413793,0.152509652509653,0.31,12.7,6.35,47,1,-6,0.907142857142857,0.514018691588785,1.44366432631227,"-"
"00-0037247","George Pickens","WR","DAL",2,14,7,14,0,0.229032258064516,0,0.8,11.3,5.65,68,0,2,0.807142857142857,0.847058823529412,0.653637160385627,"BUY  volume, results lagging"
"00-0037740","Garrett Wilson","WR","NYJ",2,14,7,14,0,0.2493961352657,0,0.815,25.1,12.55,136,1,0,1.79285714285714,0.847058823529412,1.45188431200701,"hold volume + results"
"00-0038559","Michael Wilson","WR","ARI",2,14,7,14,0,0.229209979209979,0,0.895,10.9,5.45,74,0,0,0.778571428571429,0.847058823529412,0.630499561787905,"BUY  volume, results lagging"
"00-0038685","Chris Brooks","RB","GB",2,14,7,3,11,0.0469827586206897,0.277777777777778,0.51,6,3,55,0,-2,0.428571428571429,0.514018691588785,0.682046138415246,"-"
"00-0038933","Dalton Kincaid","TE","BUF",2,14,7,14,0,0.25,0,0.69,34.5,17.25,225,1,2,2.46428571428571,0.934065934065934,1.71130952380952,"hold volume + results"
"00-0039299","George Holani","RB","SEA",2,14,7,2,12,0.0400641025641026,0.231818181818182,0.36,4.9,2.45,44,0,-4,0.35,0.514018691588785,0.557004346372451,"-"
"00-0039880","Malik Washington","WR","MIA",2,14,7,13,1,0.256843800322061,0.0178571428571429,0.855,11.5,5.75,100,0,-2,0.821428571428571,0.847058823529412,0.665205959684487,"BUY  volume, results lagging"
"00-0040730","RJ Harvey","RB","DEN",1,7,7,4,3,0.148148148148148,0.2,0.51,6.1,6.1,41,0,NA,0.871428571428571,0.514018691588785,1.386827148111,"-"
"00-0041013","Emmett Johnson","RB","KC",2,14,7,4,10,0.0632558139534884,0.140977443609023,0.27,12.3,6.15,103,0,-6,0.878571428571429,0.514018691588785,1.39819458375125,"-"
"00-0033537","Deshaun Watson","QB","CLE",2,13,6.5,0,13,0,0.288537549407115,1,34.72,17.36,60,0,1,2.67076923076923,0.928571428571429,0.729718369062631,"BUY  volume, results lagging"
"00-0034753","Mark Andrews","TE","BAL",2,13,6.5,13,0,0.245689655172414,0,0.715,14.8,7.4,98,0,1,1.13846153846154,0.912087912087912,0.790598290598291,"BUY  volume, results lagging"
"00-0035659","Terry McLaurin","WR","WAS",2,13,6.5,13,0,0.20131845841785,0,0.785,8.4,4.2,64,0,5,0.646153846153846,0.794117647058823,0.523265691363851,"-"
"00-0035719","Deebo Samuel Sr.","WR","SF",2,13,6.5,11,2,0.211323763955343,0.0351851851851852,NA,20,10,95,1,-3,1.53846153846154,0.794117647058823,1.24587069372345,"-"
"00-0036613","Jaylen Waddle","WR","DEN",2,13,6.5,13,0,0.234126984126984,0,0.68,18.5,9.25,140,0,7,1.42307692307692,0.794117647058823,1.1524303916942,"-"
"00-0036900","Ja'Marr Chase","WR","CIN",2,13,6.5,13,0,0.203984819734345,0,0.91,25.2,12.6,87,2,5,1.93846153846154,0.794117647058823,1.56979707409155,"-"
"00-0037240","Jameson Williams","WR","DET",2,13,6.5,13,0,0.168016194331984,0,0.905,10.8,5.4,78,0,-5,0.830769230769231,0.794117647058823,0.672770174610665,"-"
"00-0038997","Josh Downs","WR","IND",2,13,6.5,13,0,0.218965517241379,0,0.86,15.4,7.7,109,0,5,1.18461538461538,0.794117647058823,0.95932043416706,"-"
"00-0039337","Malik Nabers","WR","NYG",2,13,6.5,13,0,0.217672413793103,0,0.63,10.5,5.25,70,0,-5,0.807692307692308,0.794117647058823,0.654082114204814,"-"
"00-0039894","Xavier Worthy","WR","KC",2,13,6.5,13,0,0.201395348837209,0,0.815,14.3,7.15,43,1,1,1.1,0.794117647058823,0.89079754601227,"-"
"00-0040128","Tyler Warren","TE","IND",2,13,6.5,12,1,0.202873563218391,0.015625,0.91,20.2,10.1,37,2,3,1.55384615384615,0.912087912087912,1.07905982905983,"hold volume + results"
"00-0040735","Luther Burden III","WR","CHI",2,13,6.5,12,1,0.212820512820513,0.0128205128205128,NA,11.7,5.85,97,0,1,0.9,0.794117647058823,0.728834355828221,"-"
"00-0040743","Tyler Shough","QB","NO",2,13,6.5,0,13,0,0.246666666666667,1,47.58,23.79,31,1,5,3.66,0.928571428571429,1,"hold volume + results"
"00-0041496","Jonah Coleman","RB","DEN",2,13,6.5,3,10,0.0535714285714286,0.178571428571429,0.23,13.3,6.65,58,1,13,1.02307692307692,0.504672897196262,1.62816655093486,"-"
"00-0036389","Jalen Hurts","QB","PHI",2,12,6,0,12,0,0.218125,1,42.88,21.44,62,0,-2,3.57333333333333,0.880952380952381,0.97632058287796,"hold volume + results"
"00-0036919","Kenny Gainwell","RB","TB",2,12,6,5,7,0.0791245791245791,0.165,NA,5.3,2.65,33,0,0,0.441666666666667,0.457943925233645,0.702886437089045,"-"
"00-0037261","Khalil Shakir","WR","BUF",2,12,6,12,0,0.214285714285714,0,0.51,12.3,6.15,88,0,0,1.025,0.764705882352941,0.830061349693252,"-"
"00-0037557","Ronnie Rivers","RB","LA",1,6,6,1,5,0.037037037037037,0.172413793103448,0.13,2.9,2.9,24,0,NA,0.483333333333333,0.457943925233645,0.769196478323861,"-"
"00-0038544","Quentin Johnston","WR","LAC",2,12,6,11,1,0.207264957264957,0.015625,0.795,4.6,2.3,31,0,0,0.383333333333333,0.764705882352941,0.310429447852761,"-"
"00-0038611","Chris Rodriguez Jr.","RB","JAX",2,12,6,0,12,0,0.221774193548387,NA,3.6,1.8,36,0,0,0.3,0.457943925233645,0.477432296890672,"-"
"00-0039064","Zay Flowers","WR","BAL",1,6,6,6,0,0.25,0,0.29,23.5,23.5,150,1,NA,3.91666666666667,0.764705882352941,3.17177914110429,"-"
"00-0039344","Jonathon Brooks","RB","CAR",2,12,6,3,9,0.0450367647058824,0.204545454545455,0.245,8.3,4.15,73,0,0,0.691666666666667,0.457943925233645,1.10074668449794,"-"
"00-0039739","Roman Wilson","WR","PIT",2,12,6,12,0,0.162162162162162,0,0.67,9.4,4.7,54,0,0,0.783333333333333,0.764705882352941,0.634355828220859,"-"
"00-0039746","Will Shipley","RB","PHI",2,12,6,3,9,0.0521390374331551,0.149375,0.345,5.6,2.8,41,0,6,0.466666666666667,0.457943925233645,0.742672461829934,"-"
"00-0039910","Jayden Daniels","QB","WAS",2,12,6,0,12,0,0.1875,0.775,32.4,16.2,100,0,2,2.7,0.880952380952381,0.737704918032787,"BUY  volume, results lagging"
"00-0040129","Emeka Egbuka","WR","TB",2,12,6,11,1,0.186868686868687,0.02,0.86,17.6,8.8,76,1,0,1.46666666666667,0.764705882352941,1.18773006134969,"-"
"00-0030279","Keenan Allen","WR","IND",2,11,5.5,11,0,0.186781609195402,0,0.59,7.2,3.6,37,0,-1,0.654545454545455,0.723529411764706,0.530061349693251,"-"
"00-0030565","Geno Smith","QB","NYJ",2,11,5.5,0,11,0,0.16951566951567,1,24.88,12.44,24,0,-1,2.26181818181818,0.785714285714286,0.617983109786389,"-"
"00-0033307","Kendrick Bourne","WR","ARI",2,11,5.5,11,0,0.165800415800416,0,0.635,13.6,6.8,86,0,-5,1.23636363636364,0.723529411764706,1.00122699386503,"-"
"00-0033526","Samaje Perine","RB","CIN",2,11,5.5,4,7,0.060246679316888,0.136070853462158,0.34,9.2,4.6,72,0,-5,0.836363636363636,0.429906542056075,1.33102337314975,"FADE points on no volume"
"00-0034796","Lamar Jackson","QB","BAL",2,11,5.5,0,11,0,0.185503685503686,1,40.76,20.38,74,1,-3,3.70545454545455,0.785714285714286,1.01241927471436,"-"
"00-0034975","Justice Hill","RB","BAL",2,11,5.5,3,8,0.055316091954023,0.126535626535627,0.465,6.1,3.05,46,0,-3,0.554545454545455,0.429906542056075,0.882526366979727,"-"
"00-0036040","Juwan Johnson","TE","NO",2,11,5.5,11,0,0.129807692307692,0,0.685,21.5,10.75,120,1,-3,1.95454545454545,0.868131868131868,1.35732323232323,"hold volume + results"
"00-0036894","Pat Freiermuth","TE","PIT",2,11,5.5,10,1,0.135135135135135,0.0217391304347826,0.695,18.5,9.25,80,1,1,1.68181818181818,0.868131868131868,1.16792929292929,"hold volume + results"
"00-0037238","Drake London","WR","ATL",2,11,5.5,9,2,0.185908319185059,0.0317540322580645,0.8,11.4,5.7,84,0,1,1.03636363636364,0.723529411764706,0.839263803680982,"-"
"00-0038129","Cade Otton","TE","TB",2,11,5.5,11,0,0.183501683501683,0,0.935,10.4,5.2,64,0,1,0.945454545454545,0.868131868131868,0.656565656565657,"BUY  volume, results lagging"
"00-0038563","Tre Tucker","WR","LV",2,11,5.5,11,0,0.189655172413793,0,0.65,24.1,12.05,146,1,3,2.19090909090909,0.723529411764706,1.77423312883436,"-"
"00-0039066","Michael Mayer","TE","LV",2,11,5.5,11,0,0.189655172413793,0,0.825,10,5,55,0,-3,0.909090909090909,0.868131868131868,0.631313131313131,"BUY  volume, results lagging"
"00-0039851","Drake Maye","QB","NE",2,11,5.5,0,11,0,0.184331797235023,1,21.84,10.92,64,0,-3,1.98545454545455,0.785714285714286,0.5424739195231,"-"
"00-0039893","Brian Thomas Jr.","WR","JAX",2,11,5.5,11,0,0.217857142857143,0,NA,11,5.5,80,0,5,1,0.723529411764706,0.809815950920245,"-"
"00-0040691","Jaxson Dart","QB","NYG",2,11,5.5,0,11,0,0.148648648648649,0.56,27.4,13.7,54,0,-11,2.49090909090909,0.785714285714286,0.680576254346746,"-"
"00-0040878","Mike Washington Jr.","RB","LV",2,11,5.5,1,10,0.0172413793103448,0.150793650793651,0.19,4.8,2.4,48,0,-3,0.436363636363636,0.429906542056075,0.694446977295523,"-"
"00-0041037","Denzel Boston","WR","CLE",2,11,5.5,11,0,0.207575757575758,0,0.925,30.9,15.45,154,2,3,2.80909090909091,0.723529411764706,2.27484662576687,"-"
"00-0041438","Carnell Tate","WR","TEN",2,11,5.5,11,0,0.254201680672269,0,0.815,10,5,65,0,-1,0.909090909090909,0.723529411764706,0.736196319018405,"-"
"00-0031408","Mike Evans","WR","SF",2,10,5,10,0,0.185007974481659,0,0.645,20.8,10.4,103,1,-4,2.08,0.670588235294118,1.68441717791411,"-"
"00-0036550","Rashod Bateman","WR","BAL",2,10,5,10,0,0.176005747126437,0,0.855,18.3,9.15,88,1,8,1.83,0.670588235294118,1.48196319018405,"-"
"00-0037545","Rashid Shaheed","WR","SEA",2,10,5,9,1,0.177884615384615,0.0125,0.61,6.3,3.15,43,0,4,0.63,0.670588235294118,0.510184049079755,"-"
"00-0038393","Dontayvion Wicks","WR","PHI",2,10,5,10,0,0.179144385026738,0,0.765,24.2,12.1,147,1,2,2.42,0.670588235294118,1.95975460122699,"-"
"00-0038454","Keaton Mitchell","RB","LAC",2,10,5,1,9,0.0192307692307692,0.173363095238095,0.28,5.3,2.65,48,0,2,0.53,0.420560747663551,0.843463724506854,"-"
"00-0039410","Ryan Flournoy","WR","DAL",2,10,5,10,0,0.163440860215054,0,0.735,8,4,45,0,2,0.8,0.670588235294118,0.647852760736196,"-"
"00-0039915","Ladd McConkey","WR","LAC",2,10,5,10,0,0.187321937321937,0,0.475,21.7,10.85,117,1,-4,2.17,0.670588235294118,1.75730061349693,"-"
"00-0040737","Terrance Ferguson","TE","LA",2,10,5,10,0,0.168518518518519,0,0.545,14.4,7.2,54,1,8,1.44,0.857142857142857,1,"hold volume + results"
"00-0041042","Malachi Fields","WR","NYG",2,10,5,10,0,0.162715517241379,0,0.765,7.5,3.75,55,0,2,0.75,0.670588235294118,0.607361963190184,"-"
"00-0041048","Ted Hurst III","WR","TB",2,10,5,10,0,0.161616161616162,0,NA,8.8,4.4,63,0,4,0.88,0.670588235294118,0.712638036809816,"-"
"00-0041523","Caleb Douglas","WR","MIA",2,10,5,10,0,0.194847020933977,0,0.885,14.8,7.4,113,0,-4,1.48,0.670588235294118,1.19852760736196,"-"
"00-0029604","Kirk Cousins","QB","LV",2,9,4.5,0,9,0,0.140873015873016,1,37.02,18.51,-5,0,-1,4.11333333333333,0.714285714285714,1.12386156648452,"-"
"00-0032104","Ameer Abdullah","RB","JAX",2,9,4.5,2,7,0.0428571428571429,0.127016129032258,0.095,5.5,2.75,45,0,-1,0.611111111111111,0.401869158878505,0.972547271443962,"-"
"00-0033288","George Kittle","TE","SF",2,9,4.5,9,0,0.181020733652313,0,0.47,18.2,9.1,92,1,-1,2.02222222222222,0.813186813186813,1.40432098765432,"hold volume + results"
"00-0033873","Patrick Mahomes","QB","KC",2,9,4.5,0,9,0,0.12781954887218,1,51.64,25.82,40,1,-5,5.73777777777778,0.714285714285714,1.56769884638737,"-"
"00-0033921","Chris Godwin Jr.","WR","TB",2,9,4.5,7,2,0.11952861952862,0.045,NA,13.6,6.8,101,0,-1,1.51111111111111,0.641176470588235,1.22372188139059,"-"
"00-0034348","Courtland Sutton","WR","DEN",2,9,4.5,9,0,0.164021164021164,0,0.745,6.1,3.05,36,0,-1,0.677777777777778,0.641176470588235,0.548875255623722,"-"
"00-0034827","DJ Moore","WR","BUF",2,9,4.5,8,1,0.142857142857143,0.0138888888888889,NA,18.4,9.2,99,1,-7,2.04444444444444,0.641176470588235,1.65562372188139,"-"
"00-0034855","Baker Mayfield","QB","TB",2,9,4.5,0,9,0,0.205,1,24.82,12.41,59,1,-1,2.75777777777778,0.714285714285714,0.753491196114147,"-"
"00-0035229","T.J. Hockenson","TE","MIN",2,9,4.5,9,0,0.21395881006865,0,0.675,16,8,65,1,-1,1.77777777777778,0.813186813186813,1.23456790123457,"hold volume + results"
"00-0038621","DeMario Douglas","WR","NE",2,9,4.5,9,0,0.160522273425499,0,0.545,5.9,2.95,29,0,-5,0.655555555555556,0.641176470588235,0.530879345603272,"-"
"00-0038996","Tucker Kraft","TE","GB",2,9,4.5,9,0,0.126724137931034,0,0.82,10.5,5.25,80,0,-3,1.16666666666667,0.813186813186813,0.810185185185185,"BUY  volume, results lagging"
"00-0040663","Harold Fannin Jr.","TE","CLE",2,9,4.5,9,0,0.168181818181818,0,NA,11,5.5,75,0,3,1.22222222222222,0.813186813186813,0.848765432098766,"BUY  volume, results lagging"
"00-0040727","Tre Harris","WR","LAC",2,9,4.5,9,0,0.168803418803419,0,0.785,9.3,4.65,73,0,-3,1.03333333333333,0.641176470588235,0.83680981595092,"-"
"00-0041096","Kaytron Allen","RB","WAS",2,9,4.5,0,9,0,0.140625,0.09,4,2,40,0,1,0.444444444444444,0.401869158878505,0.707307106504699,"-"
"00-0032392","Austin Hooper","TE","ATL",1,4,4,4,0,0.129032258064516,0,0.43,3,3,20,0,NA,0.75,0.769230769230769,0.520833333333333,"-"
"00-0032950","Carson Wentz","QB","MIN",2,8,4,0,8,0,0.127100840336134,0.915,25.54,12.77,5,0,-2,3.1925,0.571428571428571,0.872267759562842,"-"
"00-0033090","Hunter Henry","TE","NE",2,8,4,8,0,0.167434715821813,0,0.835,9.6,4.8,66,0,2,1.2,0.769230769230769,0.833333333333333,"-"
"00-0033885","David Njoku","TE","LAC",2,8,4,8,0,0.1502849002849,0,0.355,9.7,4.85,67,0,-2,1.2125,0.769230769230769,0.842013888888889,"-"
"00-0035644","Noah Fant","TE","NO",2,8,4,8,0,0.0769230769230769,0,0.425,11.3,5.65,33,1,-8,1.4125,0.769230769230769,0.980902777777778,"-"
"00-0035676","A.J. Brown","WR","NE",1,4,4,4,0,0.129032258064516,0,0.44,4.1,4.1,26,0,NA,1.025,0.588235294117647,0.830061349693251,"-"
"00-0036265","AJ Dillon","RB","CAR",2,8,4,0,8,0,0.181818181818182,0.08,2.5,1.25,25,0,-2,0.3125,0.336448598130841,0.497325309261117,"-"
"00-0036355","Justin Herbert","QB","LAC",2,8,4,0,8,0,0.165922619047619,1,24.14,12.07,31,0,-2,3.0175,0.571428571428571,0.824453551912568,"-"
"00-0036626","Dyami Brown","WR","WAS",2,8,4,8,0,0.122718052738337,0,0.54,2.1,1.05,21,0,4,0.2625,0.588235294117647,0.212576687116564,"-"
"00-0036893","Najee Harris","RB","NYG",1,4,4,0,4,0,0.19047619047619,0.14,0.6,0.6,6,0,NA,0.15,0.336448598130841,0.238716148445336,"-"
"00-0037085","Tyler Badie","RB","DEN",1,4,4,3,1,0.107142857142857,0.0357142857142857,0.26,3.9,3.9,29,0,NA,0.975,0.336448598130841,1.55165496489468,"FADE points on no volume"
"00-0037291","Jalen Nailor","WR","LV",2,8,4,8,0,0.137931034482759,0,0.6,5.6,2.8,36,0,-2,0.7,0.588235294117647,0.566871165644172,"-"
"00-0037834","Brock Purdy","QB","SF",2,8,4,0,8,0,0.138888888888889,0.925,50.58,25.29,59,1,-2,6.3225,0.571428571428571,1.72745901639344,"-"
"00-0038128","Malik Willis","QB","MIA",2,8,4,0,8,0,0.202380952380952,1,30.18,15.09,45,1,-4,3.7725,0.571428571428571,1.03073770491803,"-"
"00-0038728","Jared Wayne","WR","HOU",2,8,4,8,0,0.0835135135135135,0,0.41,6,3,45,0,6,0.75,0.588235294117647,0.607361963190184,"-"
"00-0039067","Rashee Rice","WR","KC",2,8,4,8,0,0.109767441860465,0,0.81,19.2,9.6,102,1,4,2.4,0.588235294117647,1.94355828220859,"-"
"00-0039146","Jayden Reed","WR","GB",2,8,4,8,0,0.104741379310345,0,0.3,4.4,2.2,24,0,-6,0.55,0.588235294117647,0.445398773006135,"-"
"00-0039451","Isaiah Williams","WR","NYJ",2,8,4,7,1,0.105072463768116,0.0185185185185185,0.71,9,4.5,55,0,6,1.125,0.588235294117647,0.911042944785276,"-"
"00-0039732","Bo Nix","QB","DEN",2,8,4,0,8,0,0.189285714285714,1,21.56,10.78,8,0,2,2.695,0.571428571428571,0.736338797814208,"-"
"00-0040134","Pat Bryant","WR","DEN",2,8,4,7,1,0.128968253968254,0.0178571428571429,0.625,7.8,3.9,58,0,-4,0.975,0.588235294117647,0.789570552147239,"-"
"00-0040138","Jaylin Noel","WR","HOU",2,8,4,7,1,0.077027027027027,0.0277777777777778,0.45,11.2,5.6,97,0,4,1.4,0.588235294117647,1.13374233128834,"-"
"00-0040142","Kaleb Johnson","RB","GB",2,8,4,0,8,0,0.222222222222222,0.135,3.2,1.6,32,0,8,0.4,0.336448598130841,0.636576395854229,"-"
"00-0040177","Jordan James","RB","SF",1,4,4,0,4,0,0.148148148148148,0.15,1.5,1.5,15,0,NA,0.375,0.336448598130841,0.59679037111334,"-"
"00-0040556","Corey Kiner","RB","NE",2,8,4,0,8,0,0.132488479262673,0.09,1.1,0.55,11,0,-4,0.1375,0.336448598130841,0.218823136074891,"-"
"00-0040676","Cam Ward","QB","TEN",2,8,4,0,8,0,0.211822660098522,1,31.72,15.86,28,2,0,3.965,0.571428571428571,1.08333333333333,"-"
"00-0040886","Nicholas Singleton","RB","TEN",1,4,4,0,4,0,0.137931034482759,0.11,1,1,10,0,NA,0.25,0.336448598130841,0.397860247408893,"-"
"00-0033119","Jacoby Brissett","QB","ARI",2,7,3.5,0,7,0,0.117647058823529,1,23.98,11.99,21,0,-5,3.42571428571429,0.547619047619048,0.935987509758002,"-"
"00-0033555","Mack Hollins","WR","NE",2,7,3.5,7,0,0.12826420890937,0,0.705,9.9,4.95,69,0,-3,1.41428571428571,0.529411764705882,1.1453111305872,"-"
"00-0034351","Dallas Goedert","TE","PHI",2,7,3.5,7,0,0.143048128342246,0,0.6,22.6,11.3,81,2,-3,3.22857142857143,0.725274725274725,2.24206349206349,"-"
"00-0037005","Tommy Tremble","TE","CAR",2,7,3.5,7,0,0.104779411764706,0,0.56,4.9,2.45,29,0,-3,0.7,0.725274725274725,0.486111111111111,"-"
"00-0037664","Alec Pierce","WR","IND",2,7,3.5,7,0,0.120114942528736,0,0.425,9.7,4.85,72,0,-5,1.38571428571429,0.529411764705882,1.12217353198948,"-"
"00-0037741","Jahan Dotson","WR","ATL",2,7,3.5,7,0,0.143463497453311,0,0.69,4.5,2.25,30,0,1,0.642857142857143,0.529411764705882,0.520595968448729,"-"
"00-0037816","Romeo Doubs","WR","NE",2,7,3.5,7,0,0.143625192012289,0,0.615,11.1,5.55,96,0,1,1.58571428571429,0.529411764705882,1.28413672217353,"-"
"00-0038117","Wan'Dale Robinson","WR","TEN",2,7,3.5,7,0,0.136554621848739,0,0.675,7.7,3.85,47,0,-5,1.1,0.529411764705882,0.89079754601227,"-"
"00-0038608","Kayshon Boutte","WR","HOU",2,7,3.5,7,0,0.077027027027027,0,0.59,7.8,3.9,58,0,3,1.11428571428571,0.529411764705882,0.902366345311131,"-"
"00-0038994","Jordan Addison","WR","MIN",2,7,3.5,7,0,0.175057208237986,0,0.855,3.1,1.55,21,0,3,0.442857142857143,0.529411764705882,0.35863277826468,"-"
"00-0039901","Keon Coleman","WR","BUF",2,7,3.5,7,0,0.125,0,0.62,9.9,4.95,64,0,5,1.41428571428571,0.529411764705882,1.1453111305872,"-"
"00-0039919","Rome Odunze","WR","CHI",2,7,3.5,7,0,0.124358974358974,0,0.66,12,6,95,0,1,1.71428571428571,0.529411764705882,1.38825591586328,"-"
"00-0040466","Raheim Sanders","RB","CLE",2,7,3.5,4,3,0.0848484848484848,0.066205533596838,0.27,5.7,2.85,37,0,-1,0.814285714285714,0.327102803738318,1.29588766298897,"-"
"00-0040584","Gunnar Helm","TE","TEN",2,7,3.5,7,0,0.148109243697479,0,0.815,7.1,3.55,41,0,-3,1.01428571428571,0.725274725274725,0.70436507936508,"-"
"00-0041032","Kenyon Sadiq","TE","NYJ",2,7,3.5,6,1,0.106884057971014,0.0128205128205128,0.39,12.6,6.3,41,1,-1,1.8,0.725274725274725,1.25,"-"
"00-0041040","Antonio Williams","WR","WAS",2,7,3.5,7,0,0.113083164300203,0,0.43,18.3,9.15,88,1,-1,2.61428571428571,0.529411764705882,2.1170902716915,"-"
"00-0026498","Matthew Stafford","QB","LA",2,6,3,0,6,0,0.105911330049261,0.92,33.08,16.54,-2,0,2,5.51333333333333,0.452380952380952,1.5063752276867,"FADE points on no volume"
"00-0032775","Demarcus Robinson","WR","SF",2,6,3,6,0,0.124401913875598,0,0.47,16.9,8.45,84,1,0,2.81666666666667,0.470588235294118,2.28098159509202,"FADE points on no volume"
"00-0033077","Dak Prescott","QB","DAL",2,6,3,0,6,0,0.150793650793651,1,45.16,22.58,40,0,2,7.52666666666667,0.452380952380952,2.05646630236794,"FADE points on no volume"
"00-0033246","Johnny Mundt","TE","PHI",1,3,3,3,0,0.0882352941176471,0,0.64,1.8,1.8,8,0,NA,0.6,0.604395604395604,0.416666666666667,"-"
"00-0033319","Nick Mullens","QB","JAX",1,3,3,0,3,0,0.0967741935483871,0.12,-0.3,-0.3,-3,0,NA,-0.1,0.452380952380952,-0.0273224043715847,"-"
"00-0033858","Jonnu Smith","TE","GB",1,3,3,3,0,0.075,0,0.47,6,6,50,0,NA,2,0.604395604395604,1.38888888888889,"-"
"00-0033881","Evan Engram","TE","DEN",2,6,3,6,0,0.110449735449735,0,0.575,14.5,7.25,60,1,-4,2.41666666666667,0.604395604395604,1.67824074074074,"-"
"00-0035631","Drew Sample","TE","CIN",1,3,3,3,0,0.0882352941176471,0,0.66,3.4,3.4,19,0,NA,1.13333333333333,0.604395604395604,0.787037037037037,"-"
"00-0036252","Michael Pittman","WR","PIT",1,3,3,3,0,0.0810810810810811,0,NA,7.3,7.3,58,0,NA,2.43333333333333,0.470588235294118,1.97055214723926,"FADE points on no volume"
"00-0036422","Adam Trautman","TE","DEN",1,3,3,3,0,0.111111111111111,0,0.37,2,2,10,0,NA,0.666666666666667,0.604395604395604,0.462962962962963,"-"
"00-0036442","Joe Burrow","QB","CIN",2,6,3,0,6,0,0.114331723027375,1,31.34,15.67,19,0,-4,5.22333333333333,0.452380952380952,1.42714025500911,"FADE points on no volume"
"00-0036628","John Bates","TE","WAS",1,3,3,3,0,0.103448275862069,0,0.49,2.3,2.3,13,0,NA,0.766666666666667,0.604395604395604,0.532407407407407,"-"
"00-0037809","Chig Okonkwo","TE","WAS",1,3,3,3,0,0.103448275862069,0,0.56,2.6,2.6,16,0,NA,0.866666666666667,0.604395604395604,0.601851851851852,"-"
"00-0038041","Jake Ferguson","TE","DAL",2,6,3,6,0,0.0978494623655914,0,0.68,19.9,9.95,49,2,2,3.31666666666667,0.604395604395604,2.30324074074074,"-"
"00-0039342","Xavier Legette","WR","CAR",2,6,3,6,0,0.0919117647058824,0,0.515,7.4,3.7,64,0,2,1.23333333333333,0.470588235294118,0.998773006134969,"-"
"00-0039814","Erick All","TE","CIN",1,3,3,3,0,0.0967741935483871,0,0.42,1.5,1.5,5,0,NA,0.5,0.604395604395604,0.347222222222222,"-"
"00-0040170","Elic Ayomanor","WR","TEN",2,6,3,6,0,0.141806722689076,0,0.525,15.5,7.75,80,1,0,2.58333333333333,0.470588235294118,2.0920245398773,"FADE points on no volume"
"00-0040198","Ollie Gordon II","RB","MIA",1,3,3,0,3,0,0.107142857142857,NA,0.7,0.7,7,0,NA,0.233333333333333,0.308411214953271,0.371336230914967,"-"
"00-0040237","Tez Johnson","WR","TB",2,6,3,5,1,0.0791245791245791,0.025,0.26,5,2.5,45,0,2,0.833333333333333,0.470588235294118,0.674846625766871,"-"
"00-0040669","Isaac TeSlaa","WR","DET",2,6,3,6,0,0.0786099865047233,0,0.715,3.6,1.8,26,0,4,0.6,0.470588235294118,0.485889570552147,"-"
"00-0040729","Jack Bech","WR","LV",2,6,3,6,0,0.103448275862069,0,0.47,13.3,6.65,48,1,-2,2.21666666666667,0.470588235294118,1.79509202453988,"FADE points on no volume"
"00-0040736","Mason Taylor","TE","NYJ",1,3,3,3,0,0.130434782608696,0,0.66,0.8,0.8,-2,0,NA,0.266666666666667,0.604395604395604,0.185185185185185,"-"
"00-0040867","Makai Lemon","WR","PHI",2,6,3,5,1,0.105614973262032,0.015625,0.635,2.4,1.2,4,0,-2,0.4,0.470588235294118,0.323926380368098,"-"
"00-0040870","Ja'Kobi Lane","WR","BAL",1,3,3,3,0,0.125,0,0.4,1.6,1.6,11,0,NA,0.533333333333333,0.470588235294118,0.431901840490798,"-"
"00-0041436","DJ Herman","RB","MIA",1,3,3,3,0,0.130434782608696,0,0.29,2.3,2.3,18,0,NA,0.766666666666667,0.308411214953271,1.22010475872061,"-"
"00-0041550","Brenen Thompson","WR","LAC",1,3,3,3,0,0.115384615384615,0,0.18,1.8,1.8,13,0,NA,0.6,0.470588235294118,0.485889570552147,"-"
"00-0041558","Sam Roush","TE","CHI",1,3,3,3,0,0.1,0,0.27,1.4,1.4,9,0,NA,0.466666666666667,0.604395604395604,0.324074074074074,"-"
"00-0031610","Darren Waller","TE","CAR",2,5,2.5,5,0,0.0762867647058824,0,0.395,20.6,10.3,61,2,1,4.12,0.538461538461538,2.86111111111111,"-"
"00-0032398","Chris Moore","WR","BAL",2,5,2.5,5,0,0.0933908045977011,0,0.46,6.9,3.45,59,0,1,1.38,0.429411764705882,1.11754601226994,"-"
"00-0033106","Jared Goff","QB","DET",2,5,2.5,0,5,0,0.10530303030303,1,46.22,23.11,9,0,1,9.244,0.404761904761905,2.52568306010929,"FADE points on no volume"
"00-0033908","Cooper Kupp","WR","SEA",2,5,2.5,5,0,0.100961538461538,0,0.605,7.5,3.75,55,0,-1,1.5,0.429411764705882,1.21472392638037,"-"
"00-0035249","Josh Oliver","TE","MIN",2,5,2.5,5,0,0.113272311212815,0,0.625,6.1,3.05,46,0,-3,1.22,0.538461538461538,0.847222222222222,"-"
"00-0036309","Darnell Mooney","WR","NYG",2,5,2.5,5,0,0.0813577586206897,0,0.645,9.5,4.75,75,0,1,1.9,0.429411764705882,1.53865030674847,"FADE points on no volume"
"00-0036407","Jerry Jeudy","WR","CLE",2,5,2.5,5,0,0.107575757575758,0,0.61,3.6,1.8,26,0,-3,0.72,0.429411764705882,0.583067484662577,"-"
"00-0036988","Josh Palmer","WR","BUF",2,5,2.5,5,0,0.0892857142857143,0,0.345,20.7,10.35,77,2,1,4.14,0.429411764705882,3.35263803680982,"FADE points on no volume"
"00-0037252","Greg Dulcich","TE","MIA",2,5,2.5,5,0,0.102254428341385,0,0.69,5.5,2.75,35,0,1,1.1,0.538461538461538,0.763888888888889,"-"
"00-0038104","Tyquan Thornton","WR","KC",2,5,2.5,5,0,0.0665116279069767,0,0.635,10.6,5.3,86,0,3,2.12,0.429411764705882,1.71680981595092,"FADE points on no volume"
"00-0038705","Emari Demercado","RB","DAL",2,5,2.5,0,5,0,0.126984126984127,0.125,1.5,0.75,15,0,1,0.3,0.280373831775701,0.477432296890672,"-"
"00-0038935","Brenton Strange","TE","JAX",2,5,2.5,5,0,0.110714285714286,0,0.755,12,6,40,1,-1,2.4,0.538461538461538,1.66666666666667,"-"
"00-0039163","C.J. Stroud","QB","HOU",2,5,2.5,0,5,0,0.114583333333333,1,33.48,16.74,44,0,1,6.696,0.404761904761905,1.82950819672131,"FADE points on no volume"
"00-0039364","Sione Vaki","RB","DET",2,5,2.5,2,3,0.0259784075573549,0.0553030303030303,0.23,4.8,2.4,38,0,-1,0.96,0.280373831775701,1.52778335005015,"FADE points on no volume"
"00-0039847","Theo Johnson","TE","NYG",2,5,2.5,5,0,0.0797413793103448,0,0.37,1.4,0.7,9,0,3,0.28,0.538461538461538,0.194444444444444,"-"
"00-0040126","Colston Loveland","TE","CHI",2,5,2.5,5,0,0.0884615384615385,0,0.865,0.8,0.4,3,0,1,0.16,0.538461538461538,0.111111111111111,"-"
"00-0041067","Bryce Lance","WR","NO",2,5,2.5,5,0,0.0540865384615385,0,0.74,7,3.5,50,0,-3,1.4,0.429411764705882,1.13374233128834,"-"
"00-0041326","CJ Donaldson","RB","NO",2,5,2.5,2,3,0.0192307692307692,0.0585185185185185,0.23,0.9,0.45,4,0,-3,0.18,0.280373831775701,0.286459378134403,"-"
"00-0023459","Aaron Rodgers","QB","PIT",2,4,2,0,4,0,0.093167701863354,0.98,17.52,8.76,2,0,-2,4.38,0.238095238095238,1.19672131147541,"-"
"00-0031503","Jameis Winston","QB","NYG",1,2,2,0,2,0,0.0952380952380952,0.88,3.54,3.54,1,0,NA,1.77,0.238095238095238,0.483606557377049,"-"
"00-0032951","Laquon Treadwell","WR","IND",2,4,2,4,0,0.0672413793103448,0,0.545,7.6,3.8,61,0,2,1.9,0.341176470588235,1.53865030674847,"FADE points on no volume"
"00-0033110","Tyler Higbee","TE","LA",1,2,2,2,0,0.0740740740740741,0,0.2,0.2,0.2,12,0,NA,0.1,0.43956043956044,0.0694444444444445,"-"
"00-0034837","Calvin Ridley","WR","TEN",1,2,2,2,0,0.117647058823529,0,0.62,4.5,4.5,35,0,NA,2.25,0.341176470588235,1.82208588957055,"FADE points on no volume"
"00-0034960","Jakobi Meyers","WR","JAX",2,4,2,3,1,0.0678571428571429,0.0161290322580645,0.775,14.5,7.25,70,1,-2,3.625,0.341176470588235,2.93558282208589,"FADE points on no volume"
"00-0034981","Foster Moreau","TE","HOU",2,4,2,4,0,0.047027027027027,0,0.365,6.9,3.45,49,0,0,1.725,0.43956043956044,1.19791666666667,"-"
"00-0035208","Olamide Zaccheaus","WR","ATL",2,4,2,4,0,0.0747028862478778,0,0.365,1.8,0.9,8,0,2,0.45,0.341176470588235,0.36441717791411,"-"
"00-0035228","Kyler Murray","QB","MIN",1,2,2,0,2,0,0.0588235294117647,0.17,0.62,0.62,9,0,NA,0.31,0.238095238095238,0.0846994535519126,"-"
"00-0035594","Travis Homer","RB","PIT",1,2,2,0,2,0,0.0869565217391304,0.03,1.6,1.6,16,0,NA,0.8,0.214953271028037,1.27315279170846,"-"
"00-0035662","Marquise Brown","WR","PHI",1,2,2,0,2,0,0.0625,0.22,1.2,1.2,12,0,NA,0.6,0.341176470588235,0.485889570552147,"-"
"00-0035710","Daniel Jones","QB","IND",2,4,2,0,4,0,0.071875,1,22.44,11.22,14,0,2,5.61,0.238095238095238,1.5327868852459,"FADE points on no volume"
"00-0036187","Reggie Gilliam","RB","NE",1,2,2,2,0,0.0952380952380952,0,0.36,0.9,0.9,4,0,NA,0.45,0.214953271028037,0.716148445336008,"-"
"00-0036244","Colby Parkinson","TE","LA",2,4,2,4,0,0.0703703703703704,0,0.74,3.6,1.8,21,0,0,0.9,0.43956043956044,0.625,"-"
"00-0036290","Cole Kmet","TE","CHI",2,4,2,4,0,0.0743589743589744,0,0.63,10.5,5.25,35,1,-2,2.625,0.43956043956044,1.82291666666667,"FADE points on no volume"
"00-0036425","DeeJay Dallas","RB","MIN",2,4,2,2,2,0.0480549199084668,0.0357142857142857,0.12,3.1,1.55,21,0,2,0.775,0.214953271028037,1.23336676696757,"-"
"00-0036849","Tutu Atwell","WR","LA",1,2,2,2,0,0.0666666666666667,0,0.18,2.4,2.4,19,0,NA,1.2,0.341176470588235,0.971779141104295,"-"
"00-0036970","Kyle Pitts","TE","ATL",2,4,2,4,0,0.0747028862478778,0,0.505,2,1,15,0,2,0.5,0.43956043956044,0.347222222222222,"-"
"00-0036971","Trevor Lawrence","QB","JAX",2,4,2,0,4,0,0.0739247311827957,0.94,33.26,16.63,9,0,0,8.315,0.238095238095238,2.27185792349727,"FADE points on no volume"
"00-0036972","Mac Jones","QB","SF",1,2,2,0,2,0,0.0740740740740741,0.15,-0.2,-0.2,-2,0,NA,-0.1,0.238095238095238,-0.0273224043715847,"-"
"00-0037157","Bam Knight","RB","ARI",1,2,2,0,2,0,0.117647058823529,NA,2.4,2.4,24,0,NA,1.2,0.214953271028037,1.90972918756269,"FADE points on no volume"
"00-0038090","Skyy Moore","WR","GB",2,4,2,4,0,0.0642241379310345,0,0.21,1.6,0.8,6,0,2,0.4,0.341176470588235,0.323926380368098,"-"
"00-0038488","Brady Russell","RB","SEA",1,2,2,2,0,0.0833333333333333,0,0.34,3,3,20,0,NA,1.5,0.214953271028037,2.38716148445336,"FADE points on no volume"
"00-0038558","Darnell Washington","TE","PIT",2,4,2,4,0,0.0540540540540541,0,0.585,4,2,25,0,0,1,0.43956043956044,0.694444444444444,"-"
"00-0038619","Andrei Iosivas","WR","CIN",2,4,2,4,0,0.060246679316888,0,0.57,3.4,1.7,19,0,-2,0.85,0.341176470588235,0.688343558282209,"-"
"00-0038783","Nate Adkins","TE","DEN",2,4,2,3,1,0.0535714285714286,0.0178571428571429,0.31,11.3,5.65,38,1,4,2.825,0.43956043956044,1.96180555555556,"FADE points on no volume"
"00-0038794","Jaleel McLaughlin","RB","CLE",1,2,2,1,1,0.0333333333333333,0.0434782608695652,0.14,0.3,0.3,3,0,NA,0.15,0.214953271028037,0.238716148445336,"-"
"00-0039792","Devontez Walker","WR","BAL",1,2,2,2,0,0.0689655172413793,0,0.29,5.2,5.2,47,0,NA,2.6,0.341176470588235,2.10552147239264,"FADE points on no volume"
"00-0039793","AJ Barner","TE","SEA",2,4,2,3,1,0.0608974358974359,0.0125,0.84,9.7,4.85,22,1,0,2.425,0.43956043956044,1.68402777777778,"FADE points on no volume"
"00-0039849","Marvin Harrison Jr.","WR","ARI",2,4,2,4,0,0.0597713097713098,0,0.765,3.8,1.9,33,0,-2,0.95,0.341176470588235,0.769325153374233,"-"
"00-0039868","Troy Franklin","WR","DEN",2,4,2,3,1,0.0542328042328042,0.0333333333333333,0.27,3.7,1.85,32,0,0,0.925,0.341176470588235,0.749079754601227,"-"
"00-0040075","LaJohntay Wester","WR","BAL",2,4,2,4,0,0.0761494252873563,0,0.41,4.4,2.2,29,0,0,1.1,0.341176470588235,0.89079754601227,"-"
"00-0040189","Oronde Gadsden II","TE","LAC",2,4,2,4,0,0.0754985754985755,0,0.31,13,6.5,50,1,0,3.25,0.43956043956044,2.25694444444444,"FADE points on no volume"
"00-0040568","Lan Larison","RB","NE",1,2,2,2,0,0.0645161290322581,0,0.04,1.9,1.9,9,0,NA,0.95,0.214953271028037,1.51186894015379,"FADE points on no volume"
"00-0040894","Malik Benson","WR","LV",2,4,2,3,1,0.0517241379310345,0.0138888888888889,0.115,0.3,0.15,-2,0,-2,0.075,0.341176470588235,0.0607361963190184,"-"
"00-0041132","Deion Burks","WR","IND",1,2,2,0,2,0,0.0625,0.05,1.4,1.4,14,0,NA,0.7,0.341176470588235,0.566871165644172,"-"
"00-0041194","Jack Strand","QB","ATL",1,2,2,0,2,0,0.0625,0.42,0.96,0.96,16,0,NA,0.48,0.238095238095238,0.131147540983607,"-"
"00-0041529","Kevin Coleman Jr.","WR","MIA",1,2,2,2,0,0.0740740740740741,0,NA,0,0,0,0,NA,0,0.341176470588235,0,"-"
"00-0035689","Dawson Knox","TE","BUF",2,3,1.5,3,0,0.0535714285714286,0,0.715,8.7,4.35,12,1,1,2.9,0.384615384615385,2.01388888888889,"FADE points on no volume"
"00-0035891","Cody White","WR","LV",2,3,1.5,3,0,0.0517241379310345,0,0.135,15.4,7.7,24,2,1,5.13333333333333,0.305882352941176,4.15705521472393,"FADE points on no volume"
"00-0036463","Chris Blair","WR","ATL",2,3,1.5,3,0,0.0483870967741935,0,0.33,1.1,0.55,6,0,3,0.366666666666667,0.305882352941176,0.296932515337423,"-"
"00-0037805","Jeremy Ruckert","TE","NYJ",2,3,1.5,3,0,0.0495169082125604,0,0.385,2.4,1.2,9,0,1,0.8,0.384615384615385,0.555555555555556,"-"
"00-0038046","Charlie Kolar","TE","LAC",2,3,1.5,3,0,0.0576923076923077,0,0.585,3.6,1.8,21,0,3,1.2,0.384615384615385,0.833333333333333,"-"
"00-0038710","Blake Whiteheart","TE","CLE",2,3,1.5,3,0,0.0560606060606061,0,0.43,10.1,5.05,31,1,1,3.36666666666667,0.384615384615385,2.33796296296296,"FADE points on no volume"
"00-0039150","Bryce Young","QB","CAR",2,3,1.5,0,3,0,0.0681818181818182,0.92,56.52,28.26,16,1,-1,18.84,0.214285714285714,5.14754098360656,"FADE points on no volume"
"00-0039874","Jaylen Wright","RB","MIA",2,3,1.5,0,3,0,0.0634920634920635,0.06,1,0.5,10,0,1,0.333333333333333,0.196261682242991,0.530480329878524,"-"
"00-0040024","Darius Cooper","WR","PHI",2,3,1.5,3,0,0.0441176470588235,0,0.28,9.6,4.8,26,1,3,3.2,0.305882352941176,2.59141104294478,"FADE points on no volume"
"00-0040187","Mitchell Evans","TE","CAR",2,3,1.5,3,0,0.0450367647058824,0,0.49,3.2,1.6,22,0,-1,1.06666666666667,0.384615384615385,0.740740740740741,"-"
"00-0040590","Konata Mumpfield","WR","LA",2,3,1.5,3,0,0.0518518518518519,0,0.475,1.7,0.85,12,0,1,0.566666666666667,0.305882352941176,0.458895705521472,"-"
"00-0040785","Dohnte Meyers","WR","CIN",2,3,1.5,2,1,0.0308349146110057,0.0185185185185185,0.17,3.3,1.65,28,0,-1,1.1,0.305882352941176,0.89079754601227,"-"
"00-0041125","Seth McGowan","RB","IND",2,3,1.5,1,2,0.0172413793103448,0.03125,0.085,0.5,0.25,0,0,1,0.166666666666667,0.196261682242991,0.265240164939262,"-"
"00-0041525","Chris Bell","WR","MIA",2,3,1.5,3,0,0.0587761674718196,0,0.465,3,1.5,25,0,-1,1,0.305882352941176,0.809815950920245,"-"
"00-0032268","Marcus Mariota","QB","WAS",1,1,1,0,1,0,0.03125,0.45,8.74,8.74,3,0,NA,8.74,0.0714285714285714,2.3879781420765,"FADE points on no volume"
"00-0033376","Patrick Ricard","RB","NYG",1,1,1,1,0,0.0344827586206897,0,0.54,0,0,0,0,NA,0,0.14018691588785,0,"-"
"00-0033662","Cooper Rush","QB","ATL",2,2,1,0,2,0,0.03125,0.79,9.16,4.58,20,0,2,4.58,0.0714285714285714,1.25136612021858,"-"
"00-0034365","Ian Thomas","TE","LV",1,1,1,1,0,0.0344827586206897,0,0.49,1.6,1.6,11,0,NA,1.6,0.142857142857143,1.11111111111111,"-"
"00-0034613","Tanner Hudson","TE","CIN",1,1,1,1,0,0.0294117647058824,0,0.09,0.9,0.9,4,0,NA,0.9,0.142857142857143,0.625,"-"
"00-0034771","Mason Rudolph","QB","PIT",1,1,1,0,1,0,0.0434782608695652,0.04,0.3,0.3,3,0,NA,0.3,0.0714285714285714,0.0819672131147541,"-"
"00-0034798","Durham Smythe","TE","BAL",2,2,1,2,0,0.0380747126436782,0,0.585,0.9,0.45,4,0,0,0.45,0.142857142857143,0.3125,"-"
"00-0035021","Ashton Dulin","WR","IND",1,1,1,1,0,0.0344827586206897,0,0.19,0,0,0,0,NA,0,0.170588235294118,0,"-"
"00-0035406","Lil'Jordan Humphrey","WR","DEN",1,1,1,1,0,0.0357142857142857,0,0.05,0,0,0,0,NA,0,0.170588235294118,0,"-"
"00-0035704","Drew Lock","QB","SEA",2,2,1,0,2,0,0.0454545454545455,0.95,34.18,17.09,13,0,-2,17.09,0.0714285714285714,4.66939890710383,"FADE points on no volume"
"00-0036259","Jauan Jennings","WR","MIN",1,1,1,1,0,0.0434782608695652,0,0.48,0,0,0,0,NA,0,0.170588235294118,0,"-"
"00-0036429","Charlie Woerner","TE","ATL",1,1,1,1,0,0.032258064516129,0,0.49,0,0,0,0,NA,0,0.142857142857143,0,"-"
"00-0036590","Quintin Morris","TE","JAX",2,2,1,2,0,0.0428571428571429,0,0.32,1.2,0.6,7,0,0,0.6,0.142857142857143,0.416666666666667,"-"
"00-0036637","Noah Gray","TE","KC",2,2,1,2,0,0.0316279069767442,0,0.525,1,0.5,5,0,0,0.5,0.142857142857143,0.347222222222222,"-"
"00-0036862","Ben Skowronek","WR","PIT",1,1,1,1,0,0.027027027027027,0,0.21,0.7,0.7,2,0,NA,0.7,0.170588235294118,0.566871165644172,"-"
"00-0036887","Luke Farrell","TE","SF",2,2,1,2,0,0.0303030303030303,0,0.625,2.9,1.45,19,0,-2,1.45,0.142857142857143,1.00694444444444,"-"
"00-0037091","Bo Melton","WR","GB",2,2,1,2,0,0.0297413793103448,0,0.135,1.5,0.75,10,0,0,0.75,0.170588235294118,0.607361963190184,"-"
"00-0037231","Kevin Austin Jr.","WR","NO",1,1,1,1,0,0.03125,0,NA,1.2,1.2,7,0,NA,1.2,0.170588235294118,0.971779141104295,"-"
"00-0037292","Andrew Ogletree","TE","IND",2,2,1,2,0,0.0339080459770115,0,0.2,0,0,0,0,0,0,0.142857142857143,0,"-"
"00-0037742","Treylon Burks","WR","WAS",1,1,1,1,0,0.0294117647058824,0,0.3,0,0,0,0,NA,0,0.170588235294118,0,"-"
"00-0037801","KaVontae Turpin","WR","DAL",2,2,1,1,1,0.0166666666666667,0.0238095238095238,0.115,1.4,0.7,9,0,0,0.7,0.170588235294118,0.566871165644172,"-"
"00-0038102","Kenny Pickett","QB","CAR",2,2,1,0,2,0,0.0454545454545455,0.08,2,1,20,0,0,1,0.0714285714285714,0.273224043715847,"-"
"00-0038115","Daniel Bellinger","TE","TEN",2,2,1,2,0,0.0472689075630252,0,0.365,1.2,0.6,7,0,0,0.6,0.142857142857143,0.416666666666667,"-"
"00-0038547","Luke Schoonmaker","TE","DAL",1,1,1,1,0,0.0333333333333333,0,0.22,1.7,1.7,12,0,NA,1.7,0.142857142857143,1.18055555555556,"-"
"00-0038573","Derius Davis","WR","LAC",2,2,1,2,0,0.0377492877492877,0,0.15,0,0,0,0,0,0,0.170588235294118,0,"-"
"00-0038738","Hunter Luepke","RB","DAL",2,2,1,0,2,0,0.0515873015873016,0.22,0.8,0.4,8,0,0,0.4,0.14018691588785,0.636576395854229,"-"
"00-0038824","Ryan Miller","WR","MIA",1,1,1,1,0,0.0434782608695652,0,0.12,14.2,14.2,77,1,NA,14.2,0.170588235294118,11.4993865030675,"FADE points on no volume"
"00-0039062","Jonathan Mingo","WR","DAL",1,1,1,1,0,0.0333333333333333,0,0.19,1.5,1.5,10,0,NA,1.5,0.170588235294118,1.21472392638037,"-"
"00-0039074","Davis Allen","TE","LA",2,2,1,2,0,0.0351851851851852,0,0.43,3,1.5,20,0,0,1.5,0.142857142857143,1.04166666666667,"-"
"00-0039107","Stetson Bennett","QB","LA",1,1,1,0,1,0,0.0344827586206897,0.16,1.42,1.42,9,0,NA,1.42,0.0714285714285714,0.387978142076503,"-"
"00-0039359","Cade Stover","TE","HOU",1,1,1,1,0,0.027027027027027,0,0.3,0.3,0.3,-2,0,NA,0.3,0.142857142857143,0.208333333333333,"-"
"00-0039384","Tyrone Tracy Jr.","RB","NYG",2,2,1,0,2,0,0.027027027027027,0.025,-0.6,-0.3,14,0,-2,-0.3,0.14018691588785,-0.477432296890672,"-"
"00-0039471","Frank Gore Jr.","RB","BUF",1,1,1,0,1,0,0.0476190476190476,0.19,0.3,0.3,3,0,NA,0.3,0.14018691588785,0.477432296890672,"-"
"00-0039530","Brevyn Spann-Ford","TE","DAL",2,2,1,2,0,0.0333333333333333,0,0.3,2.4,1.2,14,0,-2,1.2,0.142857142857143,0.833333333333333,"-"
"00-0039751","Jordan Whittington","WR","LA",1,1,1,1,0,0.037037037037037,0,0.41,1.3,1.3,8,0,NA,1.3,0.170588235294118,1.05276073619632,"-"
"00-0039912","Ben Sinnott","TE","WAS",1,1,1,1,0,0.0294117647058824,0,0.68,1.1,1.1,6,0,NA,1.1,0.142857142857143,0.763888888888889,"-"
"00-0040081","Jake Briningstool","TE","KC",1,1,1,1,0,0.04,0,0.19,1.4,1.4,9,0,NA,1.4,0.142857142857143,0.972222222222222,"-"
"00-0040131","Kyle Williams","WR","NE",2,2,1,2,0,0.0476190476190476,0,0.185,1.5,0.75,10,0,2,0.75,0.170588235294118,0.607361963190184,"-"
"00-0040218","Jimmy Horn Jr.","WR","CAR",1,1,1,1,0,0.0294117647058824,0,NA,0,0,0,0,NA,0,0.170588235294118,0,"-"
"00-0040238","LeQuint Allen Jr.","RB","JAX",1,1,1,1,0,0.0357142857142857,0,NA,0,0,0,0,NA,0,0.14018691588785,0,"-"
"00-0040277","Jahdae Walker","WR","CHI",1,1,1,1,0,0.0384615384615385,0,0.45,6.6,6.6,1,1,NA,6.6,0.170588235294118,5.34478527607362,"FADE points on no volume"
"00-0040563","Efton Chism III","WR","NE",1,1,1,1,0,0.0476190476190476,0,NA,0.3,0.3,-2,0,NA,0.3,0.170588235294118,0.242944785276074,"-"
"00-0040646","Jalen Royals","WR","KC",2,2,1,2,0,0.0232558139534884,0,0.075,7.6,3.8,6,1,2,3.8,0.170588235294118,3.07730061349693,"FADE points on no volume"
"00-0040739","Elijah Arroyo","TE","SEA",1,1,1,1,0,0.0384615384615385,0,0.21,2.2,2.2,17,0,NA,2.2,0.142857142857143,1.52777777777778,"FADE points on no volume"
"00-0040782","Isaiah Bond","WR","CLE",1,1,1,1,0,0.0333333333333333,0,0.07,1.5,1.5,10,0,NA,1.5,0.170588235294118,1.21472392638037,"-"
"00-0040879","Matthew Hibner","TE","BAL",1,1,1,1,0,0.0416666666666667,0,0.34,1.8,1.8,13,0,NA,1.8,0.142857142857143,1.25,"-"
"00-0040890","Cyrus Allen","WR","KC",1,1,1,1,0,0.04,0,0.01,0,0,0,0,NA,0,0.170588235294118,0,"-"
"00-0041041","Oscar Delp","TE","NO",1,1,1,1,0,0.03125,0,0.13,1.3,1.3,8,0,NA,1.3,0.142857142857143,0.902777777777778,"-"
"00-0041044","Zachariah Branch","WR","ATL",2,2,1,2,0,0.032258064516129,0,0.25,2.4,1.2,14,0,2,1.2,0.170588235294118,0.971779141104295,"-"
"00-0041069","Colbie Young","WR","CIN",1,1,1,1,0,0.032258064516129,0,0.17,1.2,1.2,7,0,NA,1.2,0.170588235294118,0.971779141104295,"-"
"00-0041100","Josh Cameron","WR","JAX",2,2,1,2,0,0.05,0,0.25,9,4.5,20,1,-2,4.5,0.170588235294118,3.6441717791411,"FADE points on no volume"
"00-0041104","Demond Claiborne","RB","MIN",1,1,1,1,0,0.0526315789473684,0,0.04,0.7,0.7,2,0,NA,0.7,0.14018691588785,1.1140086927449,"-"
"00-0041395","Eli Raridon","TE","NE",2,2,1,2,0,0.0399385560675883,0,0.37,10.2,5.1,32,1,0,5.1,0.142857142857143,3.54166666666667,"FADE points on no volume"
"00-0041472","Marlin Klein","TE","HOU",1,1,1,1,0,0.027027027027027,0,0.11,2.1,2.1,16,0,NA,2.1,0.142857142857143,1.45833333333333,"FADE points on no volume"
"00-0041503","Nate Boerkircher","TE","JAX",1,1,1,1,0,0.05,0,0.67,1.4,1.4,9,0,NA,1.4,0.142857142857143,0.972222222222222,"-"
"00-0041511","Omar Cooper Jr.","WR","NYJ",1,1,1,1,0,0.0434782608695652,0,NA,3.5,3.5,30,0,NA,3.5,0.170588235294118,2.83435582822086,"FADE points on no volume"
"00-0041524","Will Kacmarek","TE","MIA",2,2,1,2,0,0.0402576489533011,0,0.36,0.9,0.45,4,0,0,0.45,0.142857142857143,0.3125,"-"
"00-0033576","Eric Saubert","TE","SEA",2,1,0.5,1,0,0.0192307692307692,0,0.22,-0.5,-0.25,-10,0,1,-0.5,0.10989010989011,-0.347222222222222,"-"
"00-0034854","KhaDarel Hodge","WR","SF",2,1,0.5,1,0,0.0263157894736842,0,0.2,2.3,1.15,18,0,1,2.3,0.123529411764706,1.86257668711656,"FADE points on no volume"
"00-0036264","Jordan Love","QB","GB",2,1,0.5,0,1,0,0.0238095238095238,1,34.28,17.14,0,0,-1,34.28,0.0476190476190476,9.36612021857924,"FADE points on no volume"
"00-0036754","Brock Wright","TE","DET",2,1,0.5,1,0,0.0128205128205128,0,0.385,1,0.5,5,0,-1,1,0.10989010989011,0.694444444444444,"-"
"00-0037093","Dareke Young","WR","LV",2,1,0.5,1,0,0.0172413793103448,0,0.17,3.2,1.6,27,0,1,3.2,0.123529411764706,2.59141104294479,"FADE points on no volume"
"00-0038359","Xavier Smith","WR","LA",2,1,0.5,1,0,0.0166666666666667,0,0.34,0,0,0,0,1,0,0.123529411764706,0,"-"
"00-0039686","Colson Yankoff","TE","WAS",2,1,0.5,1,0,0.0147058823529412,0,0.165,1.9,0.95,14,0,1,1.9,0.10989010989011,1.31944444444444,"FADE points on no volume"
"00-0039875","Ray Davis","RB","BUF",2,1,0.5,0,1,0,0.0238095238095238,0.115,0.3,0.15,3,0,-1,0.3,0.130841121495327,0.477432296890672,"-"
"00-0040164","Jaylin Lane","WR","WAS",2,1,0.5,1,0,0.0172413793103448,0,0.205,0.9,0.45,4,0,-1,0.9,0.123529411764706,0.728834355828221,"-"
"00-0040506","Myles Price","WR","MIN",2,1,0.5,1,0,0.0263157894736842,0,0.275,0,0,0,0,1,0,0.123529411764706,0,"-"
"00-0040582","Arian Smith","WR","NYJ",2,1,0.5,1,0,0.0217391304347826,0,0.02,0,0,0,0,-1,0,0.123529411764706,0,"-"
"00-0040705","Chimere Dike","WR","TEN",2,1,0.5,1,0,0.0178571428571429,0,0.06,1.2,0.6,7,0,-1,1.2,0.123529411764706,0.971779141104295,"-"
"00-0041099","Barion Brown","WR","NO",2,1,0.5,0,1,0,0.02,0.055,0.3,0.15,3,0,-1,0.3,0.123529411764706,0.242944785276074,"-"
"00-0034419","Braxton Berrios","WR","NYG",2,0,0,0,0,0,0,0.13,0,0,0,0,0,NA,0,NA,"-"
"00-0034869","Sam Darnold","QB","SEA",1,0,0,0,0,0,0,0.1,0.52,0.52,0,0,NA,NA,0,NA,"-"
"00-0035500","Greg Dortch","WR","BUF",2,0,0,0,0,0,0,0.025,0,0,0,0,0,NA,0,NA,"-"
"00-0035544","Tom Kennedy","WR","DET",2,0,0,0,0,0,0,0,0,0,0,0,0,NA,0,NA,"-"
"00-0036331","Devin Duvernay","WR","ARI",2,0,0,0,0,0,0,0,0,0,0,0,0,NA,0,NA,"-"
"00-0036646","Simi Fehoko","WR","ARI",1,0,0,0,0,0,0,0.08,0,0,0,0,NA,NA,0,NA,"-"
"00-0036825","Feleipe Franks","TE","CAR",2,0,0,0,0,0,0,0.065,0,0,0,0,0,NA,0,NA,"-"
"00-0037004","Hunter Long","TE","ARI",2,0,0,0,0,0,0,0.325,0,0,0,0,0,NA,0,NA,"-"
"00-0037132","Britain Covey","WR","PHI",2,0,0,0,0,0,0,0,0,0,0,0,0,NA,0,NA,"-"
"00-0037317","Nick Muse","TE","ATL",1,0,0,0,0,0,0,0.08,0,0,0,0,NA,NA,0,NA,"-"
"00-0037380","Kaden Davis","WR","CHI",1,0,0,0,0,0,0,0.13,0,0,0,0,NA,NA,0,NA,"-"
"00-0037524","Tay Martin","WR","DET",2,0,0,0,0,0,0,0,0,0,0,0,0,NA,0,NA,"-"
"00-0037594","Julius Chestnut","RB","TEN",1,0,0,0,0,0,0,0,0,0,0,0,NA,NA,0,NA,"-"
"00-0037614","John Metchie III","WR","CAR",1,0,0,0,0,0,0,NA,0,0,0,0,NA,NA,0,NA,"-"
"00-0038416","Tyson Bagent","QB","CHI",1,0,0,0,0,0,0,0.14,2.16,2.16,0,0,NA,NA,0,NA,"-"
"00-0038489","Ben VanSumeren","RB","KC",1,0,0,0,0,0,0,0.04,0,0,0,0,NA,NA,0,NA,"-"
"00-0038519","Nikko Remigio","WR","KC",2,0,0,0,0,0,0,0,0,0,0,0,0,NA,0,NA,"-"
"00-0038564","Cameron Latu","TE","NE",1,0,0,0,0,0,0,0.25,0,0,0,0,NA,NA,0,NA,"-"
"00-0038640","Jalen Brooks","WR","ARI",1,0,0,0,0,0,0,0.04,0,0,0,0,NA,NA,0,NA,"-"
"00-0038643","Brayden Willis","TE","SF",1,0,0,0,0,0,0,0.25,0,0,0,0,NA,NA,0,NA,"-"
"00-0038840","Brycen Tremayne","WR","CAR",2,0,0,0,0,0,0,0.175,0,0,0,0,0,NA,0,NA,"-"
"00-0038896","Jacob Saylors","RB","DET",2,0,0,0,0,0,0,0,0,0,0,0,0,NA,0,NA,"-"
"00-0038976","Marvin Mims Jr.","WR","DEN",1,0,0,0,0,0,0,NA,0,0,0,0,NA,NA,0,NA,"-"
"00-0039021","Roschon Johnson","RB","CHI",1,0,0,0,0,0,0,0,0,0,0,0,NA,NA,0,NA,"-"
"00-0039041","Elijah Higgins","TE","ARI",1,0,0,0,0,0,0,0.26,0,0,0,0,NA,NA,0,NA,"-"
"00-0039365","Jacob Cowing","WR","SF",2,0,0,0,0,0,0,0.27,0,0,0,0,0,NA,0,NA,"-"
"00-0039391","Kimani Vidal","RB","LAC",1,0,0,0,0,0,0,0.1,0,0,0,0,NA,NA,0,NA,"-"
"00-0039407","Dylan Laube","RB","LV",2,0,0,0,0,0,0,0.14,0,0,0,0,0,NA,0,NA,"-"
"00-0039518","Treyton Welch","TE","NO",1,0,0,0,0,0,0,0.11,0,0,0,0,NA,NA,0,NA,"-"
"00-0039589","Kameron Johnson","WR","TB",2,0,0,0,0,0,0,0.045,0,0,0,0,0,NA,0,NA,"-"
"00-0039603","British Brooks","RB","HOU",1,0,0,0,0,0,0,0,0,0,0,0,NA,NA,0,NA,"-"
"00-0039796","Rasheen Ali","RB","BAL",2,0,0,0,0,0,0,0,0,0,0,0,0,NA,0,NA,"-"
"00-0039798","Isaiah Davis","RB","NYJ",1,0,0,0,0,0,0,0,0,0,0,0,NA,NA,0,NA,"-"
"00-0039816","Anthony Gould","WR","IND",1,0,0,0,0,0,0,0,0,0,0,0,NA,NA,0,NA,"-"
"00-0039920","Malachi Corley","WR","CLE",2,0,0,0,0,0,0,0,0,0,0,0,0,NA,0,NA,"-"
"00-0040078","Brashard Smith","RB","KC",1,0,0,0,0,0,0,0,0,0,0,0,NA,NA,0,NA,"-"
"00-0040162","Dylan Sampson","RB","CLE",1,0,0,0,0,0,0,0,0,0,0,0,NA,NA,0,NA,"-"
"00-0040208","Tahj Brooks","RB","CIN",1,0,0,0,0,0,0,0.03,0,0,0,0,NA,NA,0,NA,"-"
"00-0040363","Keleki Latu","TE","BUF",2,0,0,0,0,0,0,0.075,0,0,0,0,0,NA,0,NA,"-"
"00-0040429","Josh Williams","RB","TB",1,0,0,0,0,0,0,0,0,0,0,0,NA,NA,0,NA,"-"
"00-0040621","Montorie Foster Jr","WR","SEA",1,0,0,0,0,0,0,NA,0,0,0,0,NA,NA,0,NA,"-"
"00-0040948","J. Michael Sturdivant","WR","GB",1,0,0,0,0,0,0,0.15,0,0,0,0,NA,NA,0,NA,"-"
"00-0041051","Zavion Thomas","WR","CHI",1,0,0,0,0,0,0,0.03,0,0,0,0,NA,NA,0,NA,"-"
"00-0041094","Bauer Sharp","TE","TB",1,0,0,0,0,0,0,0.02,0,0,0,0,NA,NA,0,NA,"-"
"00-0041131","Carsen Ryan","TE","CLE",1,0,0,0,0,0,0,0,0,0,0,0,NA,NA,0,NA,"-"
"00-0041397","Kaden Wetjen","WR","PIT",2,0,0,0,0,0,0,0,0,0,0,0,0,NA,0,NA,"-"
"00-0041490","Eli Heidenreich","RB","PIT",2,0,0,0,0,0,0,0.02,0,0,0,0,0,NA,0,NA,"-"
