season,week,opponent,player,pos,nfl_team,slot,proj,proj_gameday,proj_gameday_src,actual
2026,4,Jason's Jazzy Team,J. Goff,QB,Det,QB,18.44,,matchup,
2026,4,Jason's Jazzy Team,C. McCaffrey,RB,SF,RB,17.44,,matchup,
2026,4,Jason's Jazzy Team,D. Achane,RB,Mia,RB,0.00,,matchup,
2026,4,Jason's Jazzy Team,T. Higgins,WR,Cin,WR,13.36,,matchup,
2026,4,Jason's Jazzy Team,DK Metcalf,WR,Pit,WR,8.73,,matchup,
2026,4,Jason's Jazzy Team,D. Kincaid,TE,Buf,TE,9.47,,matchup,
2026,4,Jason's Jazzy Team,J. Williams,WR,Det,FLEX,9.82,,matchup,
2026,4,Jason's Jazzy Team,C. Dicker,K,LAC,K,7.08,,matchup,
2026,4,Jason's Jazzy Team,Broncos,DEF,Den,DEF,5.17,,matchup,
2026,4,Jason's Jazzy Team,D. Maye,QB,NE,BN,18.47,,matchup,
2026,4,Jason's Jazzy Team,C. Hubbard,RB,Car,BN,14.53,,matchup,
2026,4,Jason's Jazzy Team,Z. Flowers,WR,Bal,BN,14.28,,matchup,
2026,4,Jason's Jazzy Team,R. Stevenson,RB,NE,BN,9.95,,matchup,
2026,4,Jason's Jazzy Team,K. Monangai,RB,Chi,BN,8.33,,matchup,
2026,4,Jason's Jazzy Team,D. Schultz,TE,Hou,BN,7.80,,matchup,
